Country,Name,Url
Australia,AaronMOOY,https://api.fifa.com/api/v1/picture/players/2018fwc/312252_sq-300_jpg?allowDefaultPicture=true
Egypt,ABDALLASAID,https://api.fifa.com/api/v1/picture/players/2018fwc/230099_sq-300_jpg?allowDefaultPicture=true
Panama,AbdielARROYO,https://api.fifa.com/api/v1/picture/players/2018fwc/337225_sq-300_jpg?allowDefaultPicture=true
Senegal,AbdoulayeDIALLO,https://api.fifa.com/api/v1/picture/players/2018fwc/395924_sq-300_jpg?allowDefaultPicture=true
SaudiArabia,ABDULLAHALKHAIBARI,https://api.fifa.com/api/v1/picture/players/2018fwc/411624_sq-300_jpg?allowDefaultPicture=true
SaudiArabia,ABDULLAHALMUAIOUF,https://api.fifa.com/api/v1/picture/players/2018fwc/404372_sq-300_jpg?allowDefaultPicture=true
SaudiArabia,ABDULLAHOTAYF,https://api.fifa.com/api/v1/picture/players/2018fwc/339474_sq-300_jpg?allowDefaultPicture=true
Nigeria,AbdullahiSHEHU,https://api.fifa.com/api/v1/picture/players/2018fwc/369428_sq-300_jpg?allowDefaultPicture=true
SaudiArabia,ABDULMALEKALKHAIBRI,https://api.fifa.com/api/v1/picture/players/2018fwc/295184_sq-300_jpg?allowDefaultPicture=true
Colombia,AbelAGUILAR,https://api.fifa.com/api/v1/picture/players/2018fwc/198243_sq-300_jpg?allowDefaultPicture=true
Morocco,AchrafHAKIMI,https://api.fifa.com/api/v1/picture/players/2018fwc/400721_sq-300_jpg?allowDefaultPicture=true
Senegal,AdamaMBENGUE,https://api.fifa.com/api/v1/picture/players/2018fwc/408938_sq-300_jpg?allowDefaultPicture=true
Serbia,AdemLJAJIC,https://api.fifa.com/api/v1/picture/players/2018fwc/319554_sq-300_jpg?allowDefaultPicture=true
France,AdilRAMI,https://api.fifa.com/api/v1/picture/players/2018fwc/299876_sq-300_jpg?allowDefaultPicture=true
Belgium,AdnanJANUZAJ,https://api.fifa.com/api/v1/picture/players/2018fwc/379910_sq-300_jpg?allowDefaultPicture=true
Panama,AdolfoMACHADO,https://api.fifa.com/api/v1/picture/players/2018fwc/295901_sq-300_jpg?allowDefaultPicture=true
Portugal,ADRIENSILVA,https://api.fifa.com/api/v1/picture/players/2018fwc/319491_sq-300_jpg?allowDefaultPicture=true
Egypt,AHMEDELMOHAMADY,https://api.fifa.com/api/v1/picture/players/2018fwc/256311_sq-300_jpg?allowDefaultPicture=true
Egypt,AHMEDFATHI,https://api.fifa.com/api/v1/picture/players/2018fwc/303682_sq-300_jpg?allowDefaultPicture=true
Egypt,AHMEDHEGAZY,https://api.fifa.com/api/v1/picture/players/2018fwc/344640_sq-300_jpg?allowDefaultPicture=true
Tunisia,AhmedKHALIL,https://api.fifa.com/api/v1/picture/players/2018fwc/411655_sq-300_jpg?allowDefaultPicture=true
Nigeria,AhmedMUSA,https://api.fifa.com/api/v1/picture/players/2018fwc/344714_sq-300_jpg?allowDefaultPicture=true
Morocco,AhmedTAGNAOUTI,https://api.fifa.com/api/v1/picture/players/2018fwc/371553_sq-300_jpg?allowDefaultPicture=true
Russia,AlanDZAGOEV,https://api.fifa.com/api/v1/picture/players/2018fwc/302539_sq-300_jpg?allowDefaultPicture=true
Iceland,AlbertGUDMUNDSSON,https://api.fifa.com/api/v1/picture/players/2018fwc/411384_sq-300_jpg?allowDefaultPicture=true
Peru,AlbertoRODRIGUEZ,https://api.fifa.com/api/v1/picture/players/2018fwc/202638_sq-300_jpg?allowDefaultPicture=true
Sweden,AlbinEKDAL,https://api.fifa.com/api/v1/picture/players/2018fwc/360340_sq-300_jpg?allowDefaultPicture=true
Peru,AldoCORZO,https://api.fifa.com/api/v1/picture/players/2018fwc/306194_sq-300_jpg?allowDefaultPicture=true
Serbia,AleksandarKOLAROV,https://api.fifa.com/api/v1/picture/players/2018fwc/291438_sq-300_jpg?allowDefaultPicture=true
Serbia,AleksandarMITROVIC,https://api.fifa.com/api/v1/picture/players/2018fwc/370456_sq-300_jpg?allowDefaultPicture=true
Serbia,AleksandarPRIJOVIC,https://api.fifa.com/api/v1/picture/players/2018fwc/294103_sq-300_jpg?allowDefaultPicture=true
Russia,AleksandrEROKHIN,https://api.fifa.com/api/v1/picture/players/2018fwc/404421_sq-300_jpg?allowDefaultPicture=true
Russia,AleksandrGOLOVIN,https://api.fifa.com/api/v1/picture/players/2018fwc/371639_sq-300_jpg?allowDefaultPicture=true
Nigeria,AlexIWOBI,https://api.fifa.com/api/v1/picture/players/2018fwc/395533_sq-300_jpg?allowDefaultPicture=true
Panama,AlexRODRIGUEZ,https://api.fifa.com/api/v1/picture/players/2018fwc/357006_sq-300_jpg?allowDefaultPicture=true
Russia,AlexanderSAMEDOV,https://api.fifa.com/api/v1/picture/players/2018fwc/216435_sq-300_jpg?allowDefaultPicture=true
Russia,AlexeyMIRANCHUK,https://api.fifa.com/api/v1/picture/players/2018fwc/371765_sq-300_jpg?allowDefaultPicture=true
Iceland,AlfredFINNBOGASON,https://api.fifa.com/api/v1/picture/players/2018fwc/359847_sq-300_jpg?allowDefaultPicture=true
Senegal,AlfredGOMIS,https://api.fifa.com/api/v1/picture/players/2018fwc/408940_sq-300_jpg?allowDefaultPicture=true
Senegal,AlfredNDIAYE,https://api.fifa.com/api/v1/picture/players/2018fwc/274154_sq-300_jpg?allowDefaultPicture=true
Mexico,AlfredoTALAVERA,https://api.fifa.com/api/v1/picture/players/2018fwc/175546_sq-300_jpg?allowDefaultPicture=true
SaudiArabia,ALIALBULAYHI,https://api.fifa.com/api/v1/picture/players/2018fwc/407983_sq-300_jpg?allowDefaultPicture=true
IRIran,AliBEIRANVAND,https://api.fifa.com/api/v1/picture/players/2018fwc/380007_sq-300_jpg?allowDefaultPicture=true
Egypt,ALIGABR,https://api.fifa.com/api/v1/picture/players/2018fwc/401838_sq-300_jpg?allowDefaultPicture=true
Tunisia,AliMAALOUL,https://api.fifa.com/api/v1/picture/players/2018fwc/332643_sq-300_jpg?allowDefaultPicture=true
IRIran,AlirezaJAHANBAKHSH,https://api.fifa.com/api/v1/picture/players/2018fwc/379886_sq-300_jpg?allowDefaultPicture=true
Brazil,ALISSON,https://api.fifa.com/api/v1/picture/players/2018fwc/308370_sq-300_jpg?allowDefaultPicture=true
France,AlphonseAREOLA,https://api.fifa.com/api/v1/picture/players/2018fwc/368840_sq-300_jpg?allowDefaultPicture=true
Spain,AlvaroODRIOZOLA,https://api.fifa.com/api/v1/picture/players/2018fwc/407625_sq-300_jpg?allowDefaultPicture=true
Morocco,AmineHARIT,https://api.fifa.com/api/v1/picture/players/2018fwc/372114_sq-300_jpg?allowDefaultPicture=true
IRIran,AmirABEDZADEH,https://api.fifa.com/api/v1/picture/players/2018fwc/411643_sq-300_jpg?allowDefaultPicture=true
Egypt,AMRWARDA,https://api.fifa.com/api/v1/picture/players/2018fwc/363867_sq-300_jpg?allowDefaultPicture=true
Peru,AndersonSANTAMARIA,https://api.fifa.com/api/v1/picture/players/2018fwc/398457_sq-300_jpg?allowDefaultPicture=true
Peru,AndreCARRILLO,https://api.fifa.com/api/v1/picture/players/2018fwc/349696_sq-300_jpg?allowDefaultPicture=true
Portugal,ANDRESILVA,https://api.fifa.com/api/v1/picture/players/2018fwc/384756_sq-300_jpg?allowDefaultPicture=true
Denmark,AndreasCHRISTENSEN,https://api.fifa.com/api/v1/picture/players/2018fwc/401281_sq-300_jpg?allowDefaultPicture=true
Denmark,AndreasCORNELIUS,https://api.fifa.com/api/v1/picture/players/2018fwc/360188_sq-300_jpg?allowDefaultPicture=true
Sweden,AndreasGRANQVIST,https://api.fifa.com/api/v1/picture/players/2018fwc/214667_sq-300_jpg?allowDefaultPicture=true
Russia,AndreiLUNEV,https://api.fifa.com/api/v1/picture/players/2018fwc/411573_sq-300_jpg?allowDefaultPicture=true
Croatia,AndrejKRAMARIC,https://api.fifa.com/api/v1/picture/players/2018fwc/336472_sq-300_jpg?allowDefaultPicture=true
Mexico,AndresGUARDADO,https://api.fifa.com/api/v1/picture/players/2018fwc/251352_sq-300_jpg?allowDefaultPicture=true
Spain,AndresINIESTA,https://api.fifa.com/api/v1/picture/players/2018fwc/183857_sq-300_jpg?allowDefaultPicture=true
Australia,AndrewNABBOUT,https://api.fifa.com/api/v1/picture/players/2018fwc/411241_sq-300_jpg?allowDefaultPicture=true
Russia,AndreySEMENOV,https://api.fifa.com/api/v1/picture/players/2018fwc/379985_sq-300_jpg?allowDefaultPicture=true
Serbia,AndrijaZIVKOVIC,https://api.fifa.com/api/v1/picture/players/2018fwc/375538_sq-300_jpg?allowDefaultPicture=true
Peru,AndyPOLO,https://api.fifa.com/api/v1/picture/players/2018fwc/394981_sq-300_jpg?allowDefaultPicture=true
Argentina,AngelDIMARIA,https://api.fifa.com/api/v1/picture/players/2018fwc/266800_sq-300_jpg?allowDefaultPicture=true
Panama,AnibalGODOY,https://api.fifa.com/api/v1/picture/players/2018fwc/269514_sq-300_jpg?allowDefaultPicture=true
Tunisia,AniceBADRI,https://api.fifa.com/api/v1/picture/players/2018fwc/407145_sq-300_jpg?allowDefaultPicture=true
Croatia,AnteREBIC,https://api.fifa.com/api/v1/picture/players/2018fwc/369058_sq-300_jpg?allowDefaultPicture=true
Portugal,ANTHONYLOPES,https://api.fifa.com/api/v1/picture/players/2018fwc/373077_sq-300_jpg?allowDefaultPicture=true
France,AntoineGRIEZMANN,https://api.fifa.com/api/v1/picture/players/2018fwc/336435_sq-300_jpg?allowDefaultPicture=true
Russia,AntonMIRANCHUK,https://api.fifa.com/api/v1/picture/players/2018fwc/411574_sq-300_jpg?allowDefaultPicture=true
Germany,AntonioRUEDIGER,https://api.fifa.com/api/v1/picture/players/2018fwc/379955_sq-300_jpg?allowDefaultPicture=true
Serbia,AntonioRUKAVINA,https://api.fifa.com/api/v1/picture/players/2018fwc/291447_sq-300_jpg?allowDefaultPicture=true
Iceland,AriSKULASON,https://api.fifa.com/api/v1/picture/players/2018fwc/300371_sq-300_jpg?allowDefaultPicture=true
Poland,ArkadiuszMILIK,https://api.fifa.com/api/v1/picture/players/2018fwc/362823_sq-300_jpg?allowDefaultPicture=true
Panama,ArmandoCOOPER,https://api.fifa.com/api/v1/picture/players/2018fwc/267700_sq-300_jpg?allowDefaultPicture=true
Iceland,ArnorTRAUSTASON,https://api.fifa.com/api/v1/picture/players/2018fwc/401147_sq-300_jpg?allowDefaultPicture=true
Iceland,AronGUNNARSSON,https://api.fifa.com/api/v1/picture/players/2018fwc/300382_sq-300_jpg?allowDefaultPicture=true
Russia,ArtemDZYUBA,https://api.fifa.com/api/v1/picture/players/2018fwc/358889_sq-300_jpg?allowDefaultPicture=true
Poland,ArturJEDRZEJCZYK,https://api.fifa.com/api/v1/picture/players/2018fwc/270895_sq-300_jpg?allowDefaultPicture=true
IRIran,AshkanDEJAGAH,https://api.fifa.com/api/v1/picture/players/2018fwc/196812_sq-300_jpg?allowDefaultPicture=true
England,AshleyYOUNG,https://api.fifa.com/api/v1/picture/players/2018fwc/299962_sq-300_jpg?allowDefaultPicture=true
Belgium,AxelWITSEL,https://api.fifa.com/api/v1/picture/players/2018fwc/290821_sq-300_jpg?allowDefaultPicture=true
Egypt,AYMANASHRAF,https://api.fifa.com/api/v1/picture/players/2018fwc/306460_sq-300_jpg?allowDefaultPicture=true
Tunisia,AymenMATHLOUTHI,https://api.fifa.com/api/v1/picture/players/2018fwc/212413_sq-300_jpg?allowDefaultPicture=true
Morocco,AyoubELKAABI,https://api.fifa.com/api/v1/picture/players/2018fwc/411678_sq-300_jpg?allowDefaultPicture=true
Australia,AzizBEHICH,https://api.fifa.com/api/v1/picture/players/2018fwc/349342_sq-300_jpg?allowDefaultPicture=true
Morocco,AzizBOUHADDOUZ,https://api.fifa.com/api/v1/picture/players/2018fwc/407125_sq-300_jpg?allowDefaultPicture=true
Poland,BartoszBERESZYNSKI,https://api.fifa.com/api/v1/picture/players/2018fwc/370435_sq-300_jpg?allowDefaultPicture=true
Poland,BartoszBIALKOWSKI,https://api.fifa.com/api/v1/picture/players/2018fwc/270890_sq-300_jpg?allowDefaultPicture=true
Tunisia,BassemSRARFI,https://api.fifa.com/api/v1/picture/players/2018fwc/407144_sq-300_jpg?allowDefaultPicture=true
France,BenjaminMENDY,https://api.fifa.com/api/v1/picture/players/2018fwc/335995_sq-300_jpg?allowDefaultPicture=true
France,BenjaminPAVARD,https://api.fifa.com/api/v1/picture/players/2018fwc/411471_sq-300_jpg?allowDefaultPicture=true
Portugal,BERNARDOSILVA,https://api.fifa.com/api/v1/picture/players/2018fwc/395205_sq-300_jpg?allowDefaultPicture=true
Portugal,BETO,https://api.fifa.com/api/v1/picture/players/2018fwc/214404_sq-300_jpg?allowDefaultPicture=true
Iceland,BirkirBJARNASON,https://api.fifa.com/api/v1/picture/players/2018fwc/300376_sq-300_jpg?allowDefaultPicture=true
Iceland,BirkirSAEVARSSON,https://api.fifa.com/api/v1/picture/players/2018fwc/300344_sq-300_jpg?allowDefaultPicture=true
Iceland,BjornSIGURDARSON,https://api.fifa.com/api/v1/picture/players/2018fwc/359845_sq-300_jpg?allowDefaultPicture=true
France,BlaiseMATUIDI,https://api.fifa.com/api/v1/picture/players/2018fwc/358014_sq-300_jpg?allowDefaultPicture=true
Panama,BlasPEREZ,https://api.fifa.com/api/v1/picture/players/2018fwc/202039_sq-300_jpg?allowDefaultPicture=true
Switzerland,BlerimDZEMAILI,https://api.fifa.com/api/v1/picture/players/2018fwc/216646_sq-300_jpg?allowDefaultPicture=true
Australia,BradJONES,https://api.fifa.com/api/v1/picture/players/2018fwc/181467_sq-300_jpg?allowDefaultPicture=true
Serbia,BranislavIVANOVIC,https://api.fifa.com/api/v1/picture/players/2018fwc/214388_sq-300_jpg?allowDefaultPicture=true
Switzerland,BreelEMBOLO,https://api.fifa.com/api/v1/picture/players/2018fwc/393480_sq-300_jpg?allowDefaultPicture=true
Portugal,BRUNOALVES,https://api.fifa.com/api/v1/picture/players/2018fwc/210213_sq-300_jpg?allowDefaultPicture=true
Portugal,BRUNOFERNANDES,https://api.fifa.com/api/v1/picture/players/2018fwc/395206_sq-300_jpg?allowDefaultPicture=true
Nigeria,BryanIDOWU,https://api.fifa.com/api/v1/picture/players/2018fwc/411700_sq-300_jpg?allowDefaultPicture=true
CostaRica,BryanOVIEDO,https://api.fifa.com/api/v1/picture/players/2018fwc/270149_sq-300_jpg?allowDefaultPicture=true
CostaRica,BryanRUIZ,https://api.fifa.com/api/v1/picture/players/2018fwc/214876_sq-300_jpg?allowDefaultPicture=true
Colombia,CamiloVARGAS,https://api.fifa.com/api/v1/picture/players/2018fwc/360642_sq-300_jpg?allowDefaultPicture=true
Colombia,CarlosBACCA,https://api.fifa.com/api/v1/picture/players/2018fwc/349512_sq-300_jpg?allowDefaultPicture=true
Peru,CarlosCACEDA,https://api.fifa.com/api/v1/picture/players/2018fwc/275431_sq-300_jpg?allowDefaultPicture=true
Mexico,CarlosSALCEDO,https://api.fifa.com/api/v1/picture/players/2018fwc/395518_sq-300_jpg?allowDefaultPicture=true
Colombia,CarlosSANCHEZ,https://api.fifa.com/api/v1/picture/players/2018fwc/280487_sq-300_jpg?allowDefaultPicture=true
Uruguay,CarlosSANCHEZ,https://api.fifa.com/api/v1/picture/players/2018fwc/392673_sq-300_jpg?allowDefaultPicture=true
Mexico,CarlosVELA,https://api.fifa.com/api/v1/picture/players/2018fwc/234552_sq-300_jpg?allowDefaultPicture=true
Brazil,CASEMIRO,https://api.fifa.com/api/v1/picture/players/2018fwc/308386_sq-300_jpg?allowDefaultPicture=true
Brazil,CASSIO,https://api.fifa.com/api/v1/picture/players/2018fwc/266773_sq-300_jpg?allowDefaultPicture=true
Portugal,CEDRIC,https://api.fifa.com/api/v1/picture/players/2018fwc/336491_sq-300_jpg?allowDefaultPicture=true
CostaRica,CelsoBORGES,https://api.fifa.com/api/v1/picture/players/2018fwc/236530_sq-300_jpg?allowDefaultPicture=true
Spain,CesarAZPILICUETA,https://api.fifa.com/api/v1/picture/players/2018fwc/270948_sq-300_jpg?allowDefaultPicture=true
Senegal,CheikhNDOYE,https://api.fifa.com/api/v1/picture/players/2018fwc/395925_sq-300_jpg?allowDefaultPicture=true
Senegal,CheikhouKOUYATE,https://api.fifa.com/api/v1/picture/players/2018fwc/353765_sq-300_jpg?allowDefaultPicture=true
Nigeria,ChidozieAWAZIEM,https://api.fifa.com/api/v1/picture/players/2018fwc/407163_sq-300_jpg?allowDefaultPicture=true
CostaRica,ChristianBOLANOS,https://api.fifa.com/api/v1/picture/players/2018fwc/183796_sq-300_jpg?allowDefaultPicture=true
Peru,ChristianCUEVA,https://api.fifa.com/api/v1/picture/players/2018fwc/349700_sq-300_jpg?allowDefaultPicture=true
Denmark,ChristianERIKSEN,https://api.fifa.com/api/v1/picture/players/2018fwc/321716_sq-300_jpg?allowDefaultPicture=true
Peru,ChristianRAMOS,https://api.fifa.com/api/v1/picture/players/2018fwc/228728_sq-300_jpg?allowDefaultPicture=true
France,CorentinTOLISSO,https://api.fifa.com/api/v1/picture/players/2018fwc/404566_sq-300_jpg?allowDefaultPicture=true
Uruguay,CristhianSTUANI,https://api.fifa.com/api/v1/picture/players/2018fwc/229506_sq-300_jpg?allowDefaultPicture=true
Argentina,CristianANSALDI,https://api.fifa.com/api/v1/picture/players/2018fwc/298593_sq-300_jpg?allowDefaultPicture=true
CostaRica,CristianGAMBOA,https://api.fifa.com/api/v1/picture/players/2018fwc/307026_sq-300_jpg?allowDefaultPicture=true
Argentina,CristianPAVON,https://api.fifa.com/api/v1/picture/players/2018fwc/371828_sq-300_jpg?allowDefaultPicture=true
Uruguay,CristianRODRIGUEZ,https://api.fifa.com/api/v1/picture/players/2018fwc/216567_sq-300_jpg?allowDefaultPicture=true
Colombia,CristianZAPATA,https://api.fifa.com/api/v1/picture/players/2018fwc/200209_sq-300_jpg?allowDefaultPicture=true
Portugal,CRISTIANORONALDO,https://api.fifa.com/api/v1/picture/players/2018fwc/201200_sq-300_jpg?allowDefaultPicture=true
Russia,DalerKUZIAEV,https://api.fifa.com/api/v1/picture/players/2018fwc/411572_sq-300_jpg?allowDefaultPicture=true
Spain,DaniCARVAJAL,https://api.fifa.com/api/v1/picture/players/2018fwc/380048_sq-300_jpg?allowDefaultPicture=true
Nigeria,DanielAKPEYI,https://api.fifa.com/api/v1/picture/players/2018fwc/230229_sq-300_jpg?allowDefaultPicture=true
Australia,DanielARZANI,https://api.fifa.com/api/v1/picture/players/2018fwc/389503_sq-300_jpg?allowDefaultPicture=true
CostaRica,DanielCOLINDRES,https://api.fifa.com/api/v1/picture/players/2018fwc/361029_sq-300_jpg?allowDefaultPicture=true
Croatia,DanijelSUBASIC,https://api.fifa.com/api/v1/picture/players/2018fwc/299887_sq-300_jpg?allowDefaultPicture=true
Brazil,DANILO,https://api.fifa.com/api/v1/picture/players/2018fwc/335656_sq-300_jpg?allowDefaultPicture=true
England,DannyROSE,https://api.fifa.com/api/v1/picture/players/2018fwc/274036_sq-300_jpg?allowDefaultPicture=true
Australia,DannyVUKOVIC,https://api.fifa.com/api/v1/picture/players/2018fwc/197419_sq-300_jpg?allowDefaultPicture=true
England,DannyWELBECK,https://api.fifa.com/api/v1/picture/players/2018fwc/274034_sq-300_jpg?allowDefaultPicture=true
Spain,DavidDEGEA,https://api.fifa.com/api/v1/picture/players/2018fwc/269859_sq-300_jpg?allowDefaultPicture=true
CostaRica,DavidGUZMAN,https://api.fifa.com/api/v1/picture/players/2018fwc/270143_sq-300_jpg?allowDefaultPicture=true
Colombia,DavidOSPINA,https://api.fifa.com/api/v1/picture/players/2018fwc/228686_sq-300_jpg?allowDefaultPicture=true
Spain,DavidSILVA,https://api.fifa.com/api/v1/picture/players/2018fwc/200176_sq-300_jpg?allowDefaultPicture=true
Colombia,DavinsonSANCHEZ,https://api.fifa.com/api/v1/picture/players/2018fwc/386013_sq-300_jpg?allowDefaultPicture=true
Poland,DawidKOWNACKI,https://api.fifa.com/api/v1/picture/players/2018fwc/411482_sq-300_jpg?allowDefaultPicture=true
Belgium,DedryckBOYATA,https://api.fifa.com/api/v1/picture/players/2018fwc/358118_sq-300_jpg?allowDefaultPicture=true
Croatia,DejanLOVREN,https://api.fifa.com/api/v1/picture/players/2018fwc/312432_sq-300_jpg?allowDefaultPicture=true
England,DeleALLI,https://api.fifa.com/api/v1/picture/players/2018fwc/401298_sq-300_jpg?allowDefaultPicture=true
Russia,DenisCHERYSHEV,https://api.fifa.com/api/v1/picture/players/2018fwc/358883_sq-300_jpg?allowDefaultPicture=true
Switzerland,DenisZAKARIA,https://api.fifa.com/api/v1/picture/players/2018fwc/401448_sq-300_jpg?allowDefaultPicture=true
Senegal,DiafraSAKHO,https://api.fifa.com/api/v1/picture/players/2018fwc/408939_sq-300_jpg?allowDefaultPicture=true
Spain,DiegoCOSTA,https://api.fifa.com/api/v1/picture/players/2018fwc/367920_sq-300_jpg?allowDefaultPicture=true
Uruguay,DiegoGODIN,https://api.fifa.com/api/v1/picture/players/2018fwc/229499_sq-300_jpg?allowDefaultPicture=true
Uruguay,DiegoLAXALT,https://api.fifa.com/api/v1/picture/players/2018fwc/368657_sq-300_jpg?allowDefaultPicture=true
Australia,DimitriosPETRATOS,https://api.fifa.com/api/v1/picture/players/2018fwc/333076_sq-300_jpg?allowDefaultPicture=true
France,DjibrilSIDIBE,https://api.fifa.com/api/v1/picture/players/2018fwc/398682_sq-300_jpg?allowDefaultPicture=true
Croatia,DomagojVIDA,https://api.fifa.com/api/v1/picture/players/2018fwc/299896_sq-300_jpg?allowDefaultPicture=true
Croatia,DominikLIVAKOVIC,https://api.fifa.com/api/v1/picture/players/2018fwc/369029_sq-300_jpg?allowDefaultPicture=true
Brazil,DOUGLASCOSTA,https://api.fifa.com/api/v1/picture/players/2018fwc/305070_sq-300_jpg?allowDefaultPicture=true
Belgium,DriesMERTENS,https://api.fifa.com/api/v1/picture/players/2018fwc/358114_sq-300_jpg?allowDefaultPicture=true
Croatia,DujeCALETA-CAR,https://api.fifa.com/api/v1/picture/players/2018fwc/372424_sq-300_jpg?allowDefaultPicture=true
Serbia,DusanTADIC,https://api.fifa.com/api/v1/picture/players/2018fwc/298698_sq-300_jpg?allowDefaultPicture=true
Serbia,DuskoTOSIC,https://api.fifa.com/api/v1/picture/players/2018fwc/212308_sq-300_jpg?allowDefaultPicture=true
Tunisia,DylanBRONN,https://api.fifa.com/api/v1/picture/players/2018fwc/411653_sq-300_jpg?allowDefaultPicture=true
Belgium,EdenHAZARD,https://api.fifa.com/api/v1/picture/players/2018fwc/273996_sq-300_jpg?allowDefaultPicture=true
Brazil,EDERSON,https://api.fifa.com/api/v1/picture/players/2018fwc/395427_sq-300_jpg?allowDefaultPicture=true
Panama,EdgarBARCENAS,https://api.fifa.com/api/v1/picture/players/2018fwc/400416_sq-300_jpg?allowDefaultPicture=true
Uruguay,EdinsonCAVANI,https://api.fifa.com/api/v1/picture/players/2018fwc/267834_sq-300_jpg?allowDefaultPicture=true
Peru,EdisonFLORES,https://api.fifa.com/api/v1/picture/players/2018fwc/394797_sq-300_jpg?allowDefaultPicture=true
Mexico,EdsonALVAREZ,https://api.fifa.com/api/v1/picture/players/2018fwc/400634_sq-300_jpg?allowDefaultPicture=true
Argentina,EduardoSALVIO,https://api.fifa.com/api/v1/picture/players/2018fwc/268992_sq-300_jpg?allowDefaultPicture=true
IRIran,EhsanHAJISAFI,https://api.fifa.com/api/v1/picture/players/2018fwc/288961_sq-300_jpg?allowDefaultPicture=true
Japan,EijiKAWASHIMA,https://api.fifa.com/api/v1/picture/players/2018fwc/198117_sq-300_jpg?allowDefaultPicture=true
Nigeria,EldersonECHIEJILE,https://api.fifa.com/api/v1/picture/players/2018fwc/267647_sq-300_jpg?allowDefaultPicture=true
Tunisia,EllyesSKHIRI,https://api.fifa.com/api/v1/picture/players/2018fwc/411658_sq-300_jpg?allowDefaultPicture=true
Sweden,EmilFORSBERG,https://api.fifa.com/api/v1/picture/players/2018fwc/398550_sq-300_jpg?allowDefaultPicture=true
Iceland,EmilHALLFREDSSON,https://api.fifa.com/api/v1/picture/players/2018fwc/300348_sq-300_jpg?allowDefaultPicture=true
Sweden,EmilKRAFTH,https://api.fifa.com/api/v1/picture/players/2018fwc/398561_sq-300_jpg?allowDefaultPicture=true
Argentina,EnzoPEREZ,https://api.fifa.com/api/v1/picture/players/2018fwc/316997_sq-300_jpg?allowDefaultPicture=true
England,EricDIER,https://api.fifa.com/api/v1/picture/players/2018fwc/369400_sq-300_jpg?allowDefaultPicture=true
Panama,EricDAVIS,https://api.fifa.com/api/v1/picture/players/2018fwc/337232_sq-300_jpg?allowDefaultPicture=true
Mexico,ErickGUTIERREZ,https://api.fifa.com/api/v1/picture/players/2018fwc/386332_sq-300_jpg?allowDefaultPicture=true
Egypt,ESSAMELHADARY,https://api.fifa.com/api/v1/picture/players/2018fwc/155050_sq-300_jpg?allowDefaultPicture=true
Argentina,EverBANEGA,https://api.fifa.com/api/v1/picture/players/2018fwc/266790_sq-300_jpg?allowDefaultPicture=true
England,FabianDELPH,https://api.fifa.com/api/v1/picture/players/2018fwc/306520_sq-300_jpg?allowDefaultPicture=true
Switzerland,FabianSCHAER,https://api.fifa.com/api/v1/picture/players/2018fwc/356411_sq-300_jpg?allowDefaultPicture=true
Brazil,FAGNER,https://api.fifa.com/api/v1/picture/players/2018fwc/266774_sq-300_jpg?allowDefaultPicture=true
SaudiArabia,FAHADALMUWALLAD,https://api.fifa.com/api/v1/picture/players/2018fwc/339470_sq-300_jpg?allowDefaultPicture=true
Tunisia,FakhreddineBENYOUSSEF,https://api.fifa.com/api/v1/picture/players/2018fwc/364668_sq-300_jpg?allowDefaultPicture=true
Colombia,FaridDIAZ,https://api.fifa.com/api/v1/picture/players/2018fwc/394417_sq-300_jpg?allowDefaultPicture=true
Tunisia,FaroukBENMUSTAPHA,https://api.fifa.com/api/v1/picture/players/2018fwc/320518_sq-300_jpg?allowDefaultPicture=true
Morocco,FaycalFAJR,https://api.fifa.com/api/v1/picture/players/2018fwc/395756_sq-300_jpg?allowDefaultPicture=true
Argentina,FedericoFAZIO,https://api.fifa.com/api/v1/picture/players/2018fwc/266784_sq-300_jpg?allowDefaultPicture=true
Russia,FedorKUDRIASHOV,https://api.fifa.com/api/v1/picture/players/2018fwc/404424_sq-300_jpg?allowDefaultPicture=true
Russia,FedorSMOLOV,https://api.fifa.com/api/v1/picture/players/2018fwc/358871_sq-300_jpg?allowDefaultPicture=true
Panama,FelipeBALOY,https://api.fifa.com/api/v1/picture/players/2018fwc/201720_sq-300_jpg?allowDefaultPicture=true
Tunisia,FerjaniSASSI,https://api.fifa.com/api/v1/picture/players/2018fwc/370575_sq-300_jpg?allowDefaultPicture=true
Brazil,FERNANDINHO,https://api.fifa.com/api/v1/picture/players/2018fwc/208016_sq-300_jpg?allowDefaultPicture=true
Uruguay,FernandoMUSLERA,https://api.fifa.com/api/v1/picture/players/2018fwc/229498_sq-300_jpg?allowDefaultPicture=true
Panama,FidelESCOBAR,https://api.fifa.com/api/v1/picture/players/2018fwc/385030_sq-300_jpg?allowDefaultPicture=true
Croatia,FilipBRADARIC,https://api.fifa.com/api/v1/picture/players/2018fwc/402149_sq-300_jpg?allowDefaultPicture=true
Sweden,FilipHELANDER,https://api.fifa.com/api/v1/picture/players/2018fwc/395270_sq-300_jpg?allowDefaultPicture=true
Serbia,FilipKOSTIC,https://api.fifa.com/api/v1/picture/players/2018fwc/401178_sq-300_jpg?allowDefaultPicture=true
Brazil,FILIPELUIS,https://api.fifa.com/api/v1/picture/players/2018fwc/217161_sq-300_jpg?allowDefaultPicture=true
France,FlorianTHAUVIN,https://api.fifa.com/api/v1/picture/players/2018fwc/368965_sq-300_jpg?allowDefaultPicture=true
Nigeria,FrancisUZOHO,https://api.fifa.com/api/v1/picture/players/2018fwc/372607_sq-300_jpg?allowDefaultPicture=true
CostaRica,FranciscoCALVO,https://api.fifa.com/api/v1/picture/players/2018fwc/339797_sq-300_jpg?allowDefaultPicture=true
Argentina,FrancoARMANI,https://api.fifa.com/api/v1/picture/players/2018fwc/398422_sq-300_jpg?allowDefaultPicture=true
Switzerland,FrancoisMOUBANDJE,https://api.fifa.com/api/v1/picture/players/2018fwc/398508_sq-300_jpg?allowDefaultPicture=true
Brazil,FRED,https://api.fifa.com/api/v1/picture/players/2018fwc/394018_sq-300_jpg?allowDefaultPicture=true
Denmark,FrederikRONNOW,https://api.fifa.com/api/v1/picture/players/2018fwc/401283_sq-300_jpg?allowDefaultPicture=true
Iceland,FrederikSCHRAM,https://api.fifa.com/api/v1/picture/players/2018fwc/411385_sq-300_jpg?allowDefaultPicture=true
Panama,GabrielGOMEZ,https://api.fifa.com/api/v1/picture/players/2018fwc/197912_sq-300_jpg?allowDefaultPicture=true
Brazil,GABRIELJESUS,https://api.fifa.com/api/v1/picture/players/2018fwc/386559_sq-300_jpg?allowDefaultPicture=true
Argentina,GabrielMERCADO,https://api.fifa.com/api/v1/picture/players/2018fwc/266796_sq-300_jpg?allowDefaultPicture=true
Panama,GabrielTORRES,https://api.fifa.com/api/v1/picture/players/2018fwc/239360_sq-300_jpg?allowDefaultPicture=true
Japan,GakuSHIBASAKI,https://api.fifa.com/api/v1/picture/players/2018fwc/307719_sq-300_jpg?allowDefaultPicture=true
England,GaryCAHILL,https://api.fifa.com/api/v1/picture/players/2018fwc/305764_sq-300_jpg?allowDefaultPicture=true
Uruguay,GastonSILVA,https://api.fifa.com/api/v1/picture/players/2018fwc/332883_sq-300_jpg?allowDefaultPicture=true
Switzerland,GelsonFERNANDES,https://api.fifa.com/api/v1/picture/players/2018fwc/216650_sq-300_jpg?allowDefaultPicture=true
Portugal,GELSONMARTINS,https://api.fifa.com/api/v1/picture/players/2018fwc/384766_sq-300_jpg?allowDefaultPicture=true
Japan,GenSHOJI,https://api.fifa.com/api/v1/picture/players/2018fwc/384847_sq-300_jpg?allowDefaultPicture=true
Japan,GenkiHARAGUCHI,https://api.fifa.com/api/v1/picture/players/2018fwc/347718_sq-300_jpg?allowDefaultPicture=true
Spain,GerardPIQUE,https://api.fifa.com/api/v1/picture/players/2018fwc/216973_sq-300_jpg?allowDefaultPicture=true
Morocco,GhanemSAISS,https://api.fifa.com/api/v1/picture/players/2018fwc/398599_sq-300_jpg?allowDefaultPicture=true
Tunisia,GhaylenCHAALELI,https://api.fifa.com/api/v1/picture/players/2018fwc/407141_sq-300_jpg?allowDefaultPicture=true
CostaRica,GiancarloGONZALEZ,https://api.fifa.com/api/v1/picture/players/2018fwc/268821_sq-300_jpg?allowDefaultPicture=true
Uruguay,GiorgianDEARRASCAETA,https://api.fifa.com/api/v1/picture/players/2018fwc/368652_sq-300_jpg?allowDefaultPicture=true
Mexico,GiovaniDOSSANTOS,https://api.fifa.com/api/v1/picture/players/2018fwc/234551_sq-300_jpg?allowDefaultPicture=true
Argentina,GiovaniLOCELSO,https://api.fifa.com/api/v1/picture/players/2018fwc/395414_sq-300_jpg?allowDefaultPicture=true
KoreaRepublic,GOYohan,https://api.fifa.com/api/v1/picture/players/2018fwc/375627_sq-300_jpg?allowDefaultPicture=true
Portugal,GONCALOGUEDES,https://api.fifa.com/api/v1/picture/players/2018fwc/384751_sq-300_jpg?allowDefaultPicture=true
Argentina,GonzaloHIGUAIN,https://api.fifa.com/api/v1/picture/players/2018fwc/271550_sq-300_jpg?allowDefaultPicture=true
Japan,GotokuSAKAI,https://api.fifa.com/api/v1/picture/players/2018fwc/321736_sq-300_jpg?allowDefaultPicture=true
Switzerland,GranitXHAKA,https://api.fifa.com/api/v1/picture/players/2018fwc/311558_sq-300_jpg?allowDefaultPicture=true
Poland,GrzegorzKRYCHOWIAK,https://api.fifa.com/api/v1/picture/players/2018fwc/269735_sq-300_jpg?allowDefaultPicture=true
Mexico,GuillermoOCHOA,https://api.fifa.com/api/v1/picture/players/2018fwc/215285_sq-300_jpg?allowDefaultPicture=true
Uruguay,GuillermoVARELA,https://api.fifa.com/api/v1/picture/players/2018fwc/368660_sq-300_jpg?allowDefaultPicture=true
Sweden,GustavSVENSSON,https://api.fifa.com/api/v1/picture/players/2018fwc/406882_sq-300_jpg?allowDefaultPicture=true
Iceland,GylfiSIGURDSSON,https://api.fifa.com/api/v1/picture/players/2018fwc/300377_sq-300_jpg?allowDefaultPicture=true
Morocco,HakimZIYACH,https://api.fifa.com/api/v1/picture/players/2018fwc/395759_sq-300_jpg?allowDefaultPicture=true
Tunisia,HamdiNAGUEZ,https://api.fifa.com/api/v1/picture/players/2018fwc/401797_sq-300_jpg?allowDefaultPicture=true
Morocco,HamzaMENDYL,https://api.fifa.com/api/v1/picture/players/2018fwc/401882_sq-300_jpg?allowDefaultPicture=true
Iceland,HannesHALLDORSSON,https://api.fifa.com/api/v1/picture/players/2018fwc/359843_sq-300_jpg?allowDefaultPicture=true
Switzerland,HarisSEFEROVIC,https://api.fifa.com/api/v1/picture/players/2018fwc/311554_sq-300_jpg?allowDefaultPicture=true
Panama,HaroldCUMMINGS,https://api.fifa.com/api/v1/picture/players/2018fwc/337231_sq-300_jpg?allowDefaultPicture=true
England,HarryKANE,https://api.fifa.com/api/v1/picture/players/2018fwc/369419_sq-300_jpg?allowDefaultPicture=true
England,HarryMAGUIRE,https://api.fifa.com/api/v1/picture/players/2018fwc/407498_sq-300_jpg?allowDefaultPicture=true
SaudiArabia,HATANBAHBRI,https://api.fifa.com/api/v1/picture/players/2018fwc/339485_sq-300_jpg?allowDefaultPicture=true
Mexico,HectorHERRERA,https://api.fifa.com/api/v1/picture/players/2018fwc/329092_sq-300_jpg?allowDefaultPicture=true
Mexico,HectorMORENO,https://api.fifa.com/api/v1/picture/players/2018fwc/238112_sq-300_jpg?allowDefaultPicture=true
Denmark,HenrikDALSGAARD,https://api.fifa.com/api/v1/picture/players/2018fwc/318477_sq-300_jpg?allowDefaultPicture=true
Japan,HirokiSAKAI,https://api.fifa.com/api/v1/picture/players/2018fwc/350003_sq-300_jpg?allowDefaultPicture=true
Mexico,HirvingLOZANO,https://api.fifa.com/api/v1/picture/players/2018fwc/386337_sq-300_jpg?allowDefaultPicture=true
Iceland,HolmarEYJOLFSSON,https://api.fifa.com/api/v1/picture/players/2018fwc/300369_sq-300_jpg?allowDefaultPicture=true
KoreaRepublic,HONGChul,https://api.fifa.com/api/v1/picture/players/2018fwc/329912_sq-300_jpg?allowDefaultPicture=true
Iceland,HordurMAGNUSSON,https://api.fifa.com/api/v1/picture/players/2018fwc/401146_sq-300_jpg?allowDefaultPicture=true
Japan,HotaruYAMAGUCHI,https://api.fifa.com/api/v1/picture/players/2018fwc/356466_sq-300_jpg?allowDefaultPicture=true
Mexico,HugoAYALA,https://api.fifa.com/api/v1/picture/players/2018fwc/309592_sq-300_jpg?allowDefaultPicture=true
France,HugoLLORIS,https://api.fifa.com/api/v1/picture/players/2018fwc/297105_sq-300_jpg?allowDefaultPicture=true
SaudiArabia,HUSSAINALMOQAHWI,https://api.fifa.com/api/v1/picture/players/2018fwc/390000_sq-300_jpg?allowDefaultPicture=true
KoreaRepublic,HWANGHeechan,https://api.fifa.com/api/v1/picture/players/2018fwc/395083_sq-300_jpg?allowDefaultPicture=true
Spain,IagoASPAS,https://api.fifa.com/api/v1/picture/players/2018fwc/402138_sq-300_jpg?allowDefaultPicture=true
CostaRica,IanSMITH,https://api.fifa.com/api/v1/picture/players/2018fwc/389725_sq-300_jpg?allowDefaultPicture=true
Senegal,IdrissaGanaGUEYE,https://api.fifa.com/api/v1/picture/players/2018fwc/332314_sq-300_jpg?allowDefaultPicture=true
Russia,IgorAKINFEEV,https://api.fifa.com/api/v1/picture/players/2018fwc/215017_sq-300_jpg?allowDefaultPicture=true
Russia,IgorSMOLNIKOV,https://api.fifa.com/api/v1/picture/players/2018fwc/375357_sq-300_jpg?allowDefaultPicture=true
Nigeria,IkechukwuEZENWA,https://api.fifa.com/api/v1/picture/players/2018fwc/273287_sq-300_jpg?allowDefaultPicture=true
Germany,IlkayGUENDOGAN,https://api.fifa.com/api/v1/picture/players/2018fwc/358690_sq-300_jpg?allowDefaultPicture=true
Russia,IlyaKUTEPOV,https://api.fifa.com/api/v1/picture/players/2018fwc/404425_sq-300_jpg?allowDefaultPicture=true
Sweden,IsaacKieseTHELIN,https://api.fifa.com/api/v1/picture/players/2018fwc/395273_sq-300_jpg?allowDefaultPicture=true
Spain,ISCO,https://api.fifa.com/api/v1/picture/players/2018fwc/313374_sq-300_jpg?allowDefaultPicture=true
Panama,IsmaelDIAZ,https://api.fifa.com/api/v1/picture/players/2018fwc/372342_sq-300_jpg?allowDefaultPicture=true
Senegal,IsmailaSARR,https://api.fifa.com/api/v1/picture/players/2018fwc/401889_sq-300_jpg?allowDefaultPicture=true
Russia,IuryGAZINSKY,https://api.fifa.com/api/v1/picture/players/2018fwc/379988_sq-300_jpg?allowDefaultPicture=true
Croatia,IvanPERISIC,https://api.fifa.com/api/v1/picture/players/2018fwc/359381_sq-300_jpg?allowDefaultPicture=true
Croatia,IvanRAKITIC,https://api.fifa.com/api/v1/picture/players/2018fwc/296633_sq-300_jpg?allowDefaultPicture=true
Croatia,IvanSTRINIC,https://api.fifa.com/api/v1/picture/players/2018fwc/357988_sq-300_jpg?allowDefaultPicture=true
Poland,JacekGORALSKI,https://api.fifa.com/api/v1/picture/players/2018fwc/402079_sq-300_jpg?allowDefaultPicture=true
England,JackBUTLAND,https://api.fifa.com/api/v1/picture/players/2018fwc/344536_sq-300_jpg?allowDefaultPicture=true
Australia,JacksonIRVINE,https://api.fifa.com/api/v1/picture/players/2018fwc/355775_sq-300_jpg?allowDefaultPicture=true
Panama,JaimePENEDO,https://api.fifa.com/api/v1/picture/players/2018fwc/213770_sq-300_jpg?allowDefaultPicture=true
Poland,JakubBLASZCZYKOWSKI,https://api.fifa.com/api/v1/picture/players/2018fwc/216944_sq-300_jpg?allowDefaultPicture=true
Australia,JamesMEREDITH,https://api.fifa.com/api/v1/picture/players/2018fwc/397636_sq-300_jpg?allowDefaultPicture=true
Colombia,JamesRODRIGUEZ,https://api.fifa.com/api/v1/picture/players/2018fwc/269058_sq-300_jpg?allowDefaultPicture=true
Australia,JamieMacLAREN,https://api.fifa.com/api/v1/picture/players/2018fwc/368899_sq-300_jpg?allowDefaultPicture=true
England,JamieVARDY,https://api.fifa.com/api/v1/picture/players/2018fwc/400820_sq-300_jpg?allowDefaultPicture=true
Poland,JanBEDNAREK,https://api.fifa.com/api/v1/picture/players/2018fwc/406995_sq-300_jpg?allowDefaultPicture=true
Belgium,JanVERTONGHEN,https://api.fifa.com/api/v1/picture/players/2018fwc/290904_sq-300_jpg?allowDefaultPicture=true
KoreaRepublic,JANGHyunsoo,https://api.fifa.com/api/v1/picture/players/2018fwc/336682_sq-300_jpg?allowDefaultPicture=true
Denmark,JannikVESTERGAARD,https://api.fifa.com/api/v1/picture/players/2018fwc/358302_sq-300_jpg?allowDefaultPicture=true
Mexico,JavierAQUINO,https://api.fifa.com/api/v1/picture/players/2018fwc/350124_sq-300_jpg?allowDefaultPicture=true
Mexico,JavierHERNANDEZ,https://api.fifa.com/api/v1/picture/players/2018fwc/228599_sq-300_jpg?allowDefaultPicture=true
Argentina,JavierMASCHERANO,https://api.fifa.com/api/v1/picture/players/2018fwc/182372_sq-300_jpg?allowDefaultPicture=true
Colombia,JeffersonLERMA,https://api.fifa.com/api/v1/picture/players/2018fwc/395550_sq-300_jpg?allowDefaultPicture=true
Peru,JeffersonFARFAN,https://api.fifa.com/api/v1/picture/players/2018fwc/201748_sq-300_jpg?allowDefaultPicture=true
Denmark,JensStrygerLARSEN,https://api.fifa.com/api/v1/picture/players/2018fwc/395455_sq-300_jpg?allowDefaultPicture=true
Germany,JeromeBOATENG,https://api.fifa.com/api/v1/picture/players/2018fwc/299442_sq-300_jpg?allowDefaultPicture=true
England,JesseLINGARD,https://api.fifa.com/api/v1/picture/players/2018fwc/398743_sq-300_jpg?allowDefaultPicture=true
Mexico,JesusCORONA,https://api.fifa.com/api/v1/picture/players/2018fwc/314918_sq-300_jpg?allowDefaultPicture=true
Mexico,JesusGALLARDO,https://api.fifa.com/api/v1/picture/players/2018fwc/402772_sq-300_jpg?allowDefaultPicture=true
Sweden,JimmyDURMAZ,https://api.fifa.com/api/v1/picture/players/2018fwc/365630_sq-300_jpg?allowDefaultPicture=true
KoreaRepublic,JOHyeonwoo,https://api.fifa.com/api/v1/picture/players/2018fwc/397753_sq-300_jpg?allowDefaultPicture=true
Portugal,JOAOMARIO,https://api.fifa.com/api/v1/picture/players/2018fwc/368700_sq-300_jpg?allowDefaultPicture=true
Portugal,JOAOMOUTINHO,https://api.fifa.com/api/v1/picture/players/2018fwc/200199_sq-300_jpg?allowDefaultPicture=true
CostaRica,JoelCAMPBELL,https://api.fifa.com/api/v1/picture/players/2018fwc/307529_sq-300_jpg?allowDefaultPicture=true
Nigeria,JoelOBI,https://api.fifa.com/api/v1/picture/players/2018fwc/329076_sq-300_jpg?allowDefaultPicture=true
Switzerland,JohanDJOUROU,https://api.fifa.com/api/v1/picture/players/2018fwc/216645_sq-300_jpg?allowDefaultPicture=true
Colombia,JohanMOJICA,https://api.fifa.com/api/v1/picture/players/2018fwc/394500_sq-300_jpg?allowDefaultPicture=true
CostaRica,JohanVENEGAS,https://api.fifa.com/api/v1/picture/players/2018fwc/395354_sq-300_jpg?allowDefaultPicture=true
Iceland,JohannGUDMUNDSSON,https://api.fifa.com/api/v1/picture/players/2018fwc/300351_sq-300_jpg?allowDefaultPicture=true
Sweden,JohnGUIDETTI,https://api.fifa.com/api/v1/picture/players/2018fwc/398551_sq-300_jpg?allowDefaultPicture=true
Nigeria,JohnObiMIKEL,https://api.fifa.com/api/v1/picture/players/2018fwc/234463_sq-300_jpg?allowDefaultPicture=true
Nigeria,JohnOGU,https://api.fifa.com/api/v1/picture/players/2018fwc/367504_sq-300_jpg?allowDefaultPicture=true
England,JohnSTONES,https://api.fifa.com/api/v1/picture/players/2018fwc/369434_sq-300_jpg?allowDefaultPicture=true
CostaRica,JohnnyACOSTA,https://api.fifa.com/api/v1/picture/players/2018fwc/339447_sq-300_jpg?allowDefaultPicture=true
Iceland,JonBODVARSSON,https://api.fifa.com/api/v1/picture/players/2018fwc/401145_sq-300_jpg?allowDefaultPicture=true
Germany,JonasHECTOR,https://api.fifa.com/api/v1/picture/players/2018fwc/401377_sq-300_jpg?allowDefaultPicture=true
Denmark,JonasKNUDSEN,https://api.fifa.com/api/v1/picture/players/2018fwc/365738_sq-300_jpg?allowDefaultPicture=true
Denmark,JonasLOSSL,https://api.fifa.com/api/v1/picture/players/2018fwc/318462_sq-300_jpg?allowDefaultPicture=true
Mexico,JonathanDOSSANTOS,https://api.fifa.com/api/v1/picture/players/2018fwc/318612_sq-300_jpg?allowDefaultPicture=true
Uruguay,JonathanURRETAVISCAYA,https://api.fifa.com/api/v1/picture/players/2018fwc/305384_sq-300_jpg?allowDefaultPicture=true
England,JordanHENDERSON,https://api.fifa.com/api/v1/picture/players/2018fwc/356189_sq-300_jpg?allowDefaultPicture=true
England,JordanPICKFORD,https://api.fifa.com/api/v1/picture/players/2018fwc/336022_sq-300_jpg?allowDefaultPicture=true
Spain,JordiALBA,https://api.fifa.com/api/v1/picture/players/2018fwc/306954_sq-300_jpg?allowDefaultPicture=true
Panama,JoseCALDERON,https://api.fifa.com/api/v1/picture/players/2018fwc/198478_sq-300_jpg?allowDefaultPicture=true
Peru,JoseCARVALLO,https://api.fifa.com/api/v1/picture/players/2018fwc/229480_sq-300_jpg?allowDefaultPicture=true
Mexico,JoseCORONA,https://api.fifa.com/api/v1/picture/players/2018fwc/195231_sq-300_jpg?allowDefaultPicture=true
Colombia,JoseCUADRADO,https://api.fifa.com/api/v1/picture/players/2018fwc/411340_sq-300_jpg?allowDefaultPicture=true
Portugal,JOSEFONTE,https://api.fifa.com/api/v1/picture/players/2018fwc/398511_sq-300_jpg?allowDefaultPicture=true
Uruguay,JoseGIMENEZ,https://api.fifa.com/api/v1/picture/players/2018fwc/368655_sq-300_jpg?allowDefaultPicture=true
Colombia,JoseIZQUIERDO,https://api.fifa.com/api/v1/picture/players/2018fwc/411341_sq-300_jpg?allowDefaultPicture=true
Panama,JoseLuisRODRIGUEZ,https://api.fifa.com/api/v1/picture/players/2018fwc/411176_sq-300_jpg?allowDefaultPicture=true
Germany,JoshuaKIMMICH,https://api.fifa.com/api/v1/picture/players/2018fwc/386413_sq-300_jpg?allowDefaultPicture=true
Australia,JoshuaRISDON,https://api.fifa.com/api/v1/picture/players/2018fwc/397717_sq-300_jpg?allowDefaultPicture=true
Switzerland,JosipDRMIC,https://api.fifa.com/api/v1/picture/players/2018fwc/356399_sq-300_jpg?allowDefaultPicture=true
Croatia,JosipPIVARIC,https://api.fifa.com/api/v1/picture/players/2018fwc/375261_sq-300_jpg?allowDefaultPicture=true
KoreaRepublic,JUSejong,https://api.fifa.com/api/v1/picture/players/2018fwc/390529_sq-300_jpg?allowDefaultPicture=true
Colombia,JuanCUADRADO,https://api.fifa.com/api/v1/picture/players/2018fwc/309714_sq-300_jpg?allowDefaultPicture=true
Colombia,JuanQUINTERO,https://api.fifa.com/api/v1/picture/players/2018fwc/356704_sq-300_jpg?allowDefaultPicture=true
Germany,JulianBRANDT,https://api.fifa.com/api/v1/picture/players/2018fwc/385947_sq-300_jpg?allowDefaultPicture=true
Germany,JulianDRAXLER,https://api.fifa.com/api/v1/picture/players/2018fwc/358692_sq-300_jpg?allowDefaultPicture=true
KoreaRepublic,JUNGSeunghyun,https://api.fifa.com/api/v1/picture/players/2018fwc/395087_sq-300_jpg?allowDefaultPicture=true
KoreaRepublic,JUNGWooyoung,https://api.fifa.com/api/v1/picture/players/2018fwc/356534_sq-300_jpg?allowDefaultPicture=true
Egypt,KAHRABA,https://api.fifa.com/api/v1/picture/players/2018fwc/369215_sq-300_jpg?allowDefaultPicture=true
Senegal,KalidouKOULIBALY,https://api.fifa.com/api/v1/picture/players/2018fwc/339820_sq-300_jpg?allowDefaultPicture=true
Poland,KamilGLIK,https://api.fifa.com/api/v1/picture/players/2018fwc/269695_sq-300_jpg?allowDefaultPicture=true
Poland,KamilGROSICKI,https://api.fifa.com/api/v1/picture/players/2018fwc/269706_sq-300_jpg?allowDefaultPicture=true
Senegal,KaraMBODJI,https://api.fifa.com/api/v1/picture/players/2018fwc/353758_sq-300_jpg?allowDefaultPicture=true
Iceland,KariARNASON,https://api.fifa.com/api/v1/picture/players/2018fwc/231598_sq-300_jpg?allowDefaultPicture=true
IRIran,KarimANSARIFARD,https://api.fifa.com/api/v1/picture/players/2018fwc/330659_sq-300_jpg?allowDefaultPicture=true
Morocco,KarimELAHMADI,https://api.fifa.com/api/v1/picture/players/2018fwc/232674_sq-300_jpg?allowDefaultPicture=true
Sweden,Karl-JohanJOHNSSON,https://api.fifa.com/api/v1/picture/players/2018fwc/398556_sq-300_jpg?allowDefaultPicture=true
Poland,KarolLINETTY,https://api.fifa.com/api/v1/picture/players/2018fwc/401277_sq-300_jpg?allowDefaultPicture=true
Denmark,KasperSCHMEICHEL,https://api.fifa.com/api/v1/picture/players/2018fwc/278388_sq-300_jpg?allowDefaultPicture=true
Denmark,KasperDOLBERG,https://api.fifa.com/api/v1/picture/players/2018fwc/402096_sq-300_jpg?allowDefaultPicture=true
Japan,KeisukeHONDA,https://api.fifa.com/api/v1/picture/players/2018fwc/233500_sq-300_jpg?allowDefaultPicture=true
Senegal,KeitaBALDE,https://api.fifa.com/api/v1/picture/players/2018fwc/401888_sq-300_jpg?allowDefaultPicture=true
Nigeria,KelechiIHEANACHO,https://api.fifa.com/api/v1/picture/players/2018fwc/372542_sq-300_jpg?allowDefaultPicture=true
CostaRica,KendallWASTON,https://api.fifa.com/api/v1/picture/players/2018fwc/236536_sq-300_jpg?allowDefaultPicture=true
CostaRica,KennerGUTIERREZ,https://api.fifa.com/api/v1/picture/players/2018fwc/307016_sq-300_jpg?allowDefaultPicture=true
Nigeria,KennethOMERUO,https://api.fifa.com/api/v1/picture/players/2018fwc/315424_sq-300_jpg?allowDefaultPicture=true
Spain,KepaARRIZABALAGA,https://api.fifa.com/api/v1/picture/players/2018fwc/369110_sq-300_jpg?allowDefaultPicture=true
Belgium,KevinDEBRUYNE,https://api.fifa.com/api/v1/picture/players/2018fwc/358120_sq-300_jpg?allowDefaultPicture=true
Germany,KevinTRAPP,https://api.fifa.com/api/v1/picture/players/2018fwc/274179_sq-300_jpg?allowDefaultPicture=true
CostaRica,KeylorNAVAS,https://api.fifa.com/api/v1/picture/players/2018fwc/199175_sq-300_jpg?allowDefaultPicture=true
Senegal,KhadimNDIAYE,https://api.fifa.com/api/v1/picture/players/2018fwc/353111_sq-300_jpg?allowDefaultPicture=true
Morocco,KhalidBOUTAIB,https://api.fifa.com/api/v1/picture/players/2018fwc/401884_sq-300_jpg?allowDefaultPicture=true
KoreaRepublic,KISungyueng,https://api.fifa.com/api/v1/picture/players/2018fwc/268406_sq-300_jpg?allowDefaultPicture=true
England,KieranTRIPPIER,https://api.fifa.com/api/v1/picture/players/2018fwc/306504_sq-300_jpg?allowDefaultPicture=true
KoreaRepublic,KIMJinhyeon,https://api.fifa.com/api/v1/picture/players/2018fwc/268426_sq-300_jpg?allowDefaultPicture=true
KoreaRepublic,KIMMinwoo,https://api.fifa.com/api/v1/picture/players/2018fwc/274285_sq-300_jpg?allowDefaultPicture=true
KoreaRepublic,KIMSeunggyu,https://api.fifa.com/api/v1/picture/players/2018fwc/274281_sq-300_jpg?allowDefaultPicture=true
KoreaRepublic,KIMShinwook,https://api.fifa.com/api/v1/picture/players/2018fwc/321745_sq-300_jpg?allowDefaultPicture=true
KoreaRepublic,KIMYounggwon,https://api.fifa.com/api/v1/picture/players/2018fwc/375754_sq-300_jpg?allowDefaultPicture=true
Belgium,KoenCASTEELS,https://api.fifa.com/api/v1/picture/players/2018fwc/373315_sq-300_jpg?allowDefaultPicture=true
Spain,KOKE,https://api.fifa.com/api/v1/picture/players/2018fwc/313410_sq-300_jpg?allowDefaultPicture=true
KoreaRepublic,KOOJacheol,https://api.fifa.com/api/v1/picture/players/2018fwc/291393_sq-300_jpg?allowDefaultPicture=true
Japan,KosukeNAKAMURA,https://api.fifa.com/api/v1/picture/players/2018fwc/331184_sq-300_jpg?allowDefaultPicture=true
Sweden,KristofferNORDFELDT,https://api.fifa.com/api/v1/picture/players/2018fwc/360496_sq-300_jpg?allowDefaultPicture=true
England,KyleWALKER,https://api.fifa.com/api/v1/picture/players/2018fwc/356750_sq-300_jpg?allowDefaultPicture=true
France,KylianMBAPPE,https://api.fifa.com/api/v1/picture/players/2018fwc/389867_sq-300_jpg?allowDefaultPicture=true
Senegal,LamineGASSAMA,https://api.fifa.com/api/v1/picture/players/2018fwc/319348_sq-300_jpg?allowDefaultPicture=true
Denmark,LasseSCHONE,https://api.fifa.com/api/v1/picture/players/2018fwc/313907_sq-300_jpg?allowDefaultPicture=true
Belgium,LeanderDENDONCKER,https://api.fifa.com/api/v1/picture/players/2018fwc/402015_sq-300_jpg?allowDefaultPicture=true
KoreaRepublic,LEEJaesung,https://api.fifa.com/api/v1/picture/players/2018fwc/390525_sq-300_jpg?allowDefaultPicture=true
KoreaRepublic,LEESeungwoo,https://api.fifa.com/api/v1/picture/players/2018fwc/390081_sq-300_jpg?allowDefaultPicture=true
KoreaRepublic,LEEYong,https://api.fifa.com/api/v1/picture/players/2018fwc/363578_sq-300_jpg?allowDefaultPicture=true
Nigeria,LeonBALOGUN,https://api.fifa.com/api/v1/picture/players/2018fwc/402251_sq-300_jpg?allowDefaultPicture=true
Germany,LeonGORETZKA,https://api.fifa.com/api/v1/picture/players/2018fwc/379953_sq-300_jpg?allowDefaultPicture=true
CostaRica,LeonelMOREIRA,https://api.fifa.com/api/v1/picture/players/2018fwc/270136_sq-300_jpg?allowDefaultPicture=true
Argentina,LionelMESSI,https://api.fifa.com/api/v1/picture/players/2018fwc/229397_sq-300_jpg?allowDefaultPicture=true
Croatia,LovreKALINIC,https://api.fifa.com/api/v1/picture/players/2018fwc/376287_sq-300_jpg?allowDefaultPicture=true
Argentina,LucasBIGLIA,https://api.fifa.com/api/v1/picture/players/2018fwc/200133_sq-300_jpg?allowDefaultPicture=true
France,LucasHERNANDEZ,https://api.fifa.com/api/v1/picture/players/2018fwc/411470_sq-300_jpg?allowDefaultPicture=true
Uruguay,LucasTORREIRA,https://api.fifa.com/api/v1/picture/players/2018fwc/371670_sq-300_jpg?allowDefaultPicture=true
Spain,LucasVAZQUEZ,https://api.fifa.com/api/v1/picture/players/2018fwc/400713_sq-300_jpg?allowDefaultPicture=true
Sweden,LudwigAUGUSTINSSON,https://api.fifa.com/api/v1/picture/players/2018fwc/395264_sq-300_jpg?allowDefaultPicture=true
Peru,LuisADVINCULA,https://api.fifa.com/api/v1/picture/players/2018fwc/349697_sq-300_jpg?allowDefaultPicture=true
Colombia,LuisMURIEL,https://api.fifa.com/api/v1/picture/players/2018fwc/339731_sq-300_jpg?allowDefaultPicture=true
Panama,LuisOVALLE,https://api.fifa.com/api/v1/picture/players/2018fwc/267688_sq-300_jpg?allowDefaultPicture=true
Uruguay,LuisSUAREZ,https://api.fifa.com/api/v1/picture/players/2018fwc/270775_sq-300_jpg?allowDefaultPicture=true
Panama,LuisTEJADA,https://api.fifa.com/api/v1/picture/players/2018fwc/213780_sq-300_jpg?allowDefaultPicture=true
Serbia,LukaJOVIC,https://api.fifa.com/api/v1/picture/players/2018fwc/385536_sq-300_jpg?allowDefaultPicture=true
Serbia,LukaMILIVOJEVIC,https://api.fifa.com/api/v1/picture/players/2018fwc/365641_sq-300_jpg?allowDefaultPicture=true
Croatia,LukaMODRIC,https://api.fifa.com/api/v1/picture/players/2018fwc/241559_sq-300_jpg?allowDefaultPicture=true
Denmark,LukasLERAGER,https://api.fifa.com/api/v1/picture/players/2018fwc/405205_sq-300_jpg?allowDefaultPicture=true
Poland,LukaszFABIANSKI,https://api.fifa.com/api/v1/picture/players/2018fwc/216931_sq-300_jpg?allowDefaultPicture=true
Poland,LukaszPISZCZEK,https://api.fifa.com/api/v1/picture/players/2018fwc/216955_sq-300_jpg?allowDefaultPicture=true
Poland,LukaszTEODORCZYK,https://api.fifa.com/api/v1/picture/players/2018fwc/367469_sq-300_jpg?allowDefaultPicture=true
Poland,MaciejRYBUS,https://api.fifa.com/api/v1/picture/players/2018fwc/299687_sq-300_jpg?allowDefaultPicture=true
IRIran,MahdiTORABI,https://api.fifa.com/api/v1/picture/players/2018fwc/390535_sq-300_jpg?allowDefaultPicture=true
Egypt,MAHMOUDHAMDY,https://api.fifa.com/api/v1/picture/players/2018fwc/411607_sq-300_jpg?allowDefaultPicture=true
IRIran,MajidHOSSEINI,https://api.fifa.com/api/v1/picture/players/2018fwc/371735_sq-300_jpg?allowDefaultPicture=true
Japan,MakotoHASEBE,https://api.fifa.com/api/v1/picture/players/2018fwc/289027_sq-300_jpg?allowDefaultPicture=true
Senegal,MameDIOUF,https://api.fifa.com/api/v1/picture/players/2018fwc/330687_sq-300_jpg?allowDefaultPicture=true
SaudiArabia,MANSOURALHARBI,https://api.fifa.com/api/v1/picture/players/2018fwc/347316_sq-300_jpg?allowDefaultPicture=true
Switzerland,ManuelAKANJI,https://api.fifa.com/api/v1/picture/players/2018fwc/405178_sq-300_jpg?allowDefaultPicture=true
Morocco,ManuelDACOSTA,https://api.fifa.com/api/v1/picture/players/2018fwc/299073_sq-300_jpg?allowDefaultPicture=true
Portugal,MANUELFERNANDES,https://api.fifa.com/api/v1/picture/players/2018fwc/201099_sq-300_jpg?allowDefaultPicture=true
Germany,ManuelNEUER,https://api.fifa.com/api/v1/picture/players/2018fwc/228912_sq-300_jpg?allowDefaultPicture=true
Germany,Marc-AndreTERSTEGEN,https://api.fifa.com/api/v1/picture/players/2018fwc/309302_sq-300_jpg?allowDefaultPicture=true
Brazil,MARCELO,https://api.fifa.com/api/v1/picture/players/2018fwc/218284_sq-300_jpg?allowDefaultPicture=true
Croatia,MarceloBROZOVIC,https://api.fifa.com/api/v1/picture/players/2018fwc/380000_sq-300_jpg?allowDefaultPicture=true
Spain,MarcoASENSIO,https://api.fifa.com/api/v1/picture/players/2018fwc/400715_sq-300_jpg?allowDefaultPicture=true
Mexico,MarcoFABIAN,https://api.fifa.com/api/v1/picture/players/2018fwc/319311_sq-300_jpg?allowDefaultPicture=true
Germany,MarcoREUS,https://api.fifa.com/api/v1/picture/players/2018fwc/352394_sq-300_jpg?allowDefaultPicture=true
Argentina,MarcosACUNA,https://api.fifa.com/api/v1/picture/players/2018fwc/401204_sq-300_jpg?allowDefaultPicture=true
Argentina,MarcosROJO,https://api.fifa.com/api/v1/picture/players/2018fwc/318688_sq-300_jpg?allowDefaultPicture=true
CostaRica,MarcosURENA,https://api.fifa.com/api/v1/picture/players/2018fwc/270144_sq-300_jpg?allowDefaultPicture=true
Sweden,MarcusBERG,https://api.fifa.com/api/v1/picture/players/2018fwc/297243_sq-300_jpg?allowDefaultPicture=true
England,MarcusRASHFORD,https://api.fifa.com/api/v1/picture/players/2018fwc/401470_sq-300_jpg?allowDefaultPicture=true
Sweden,MarcusROHDEN,https://api.fifa.com/api/v1/picture/players/2018fwc/398549_sq-300_jpg?allowDefaultPicture=true
Russia,MARIOFERNANDES,https://api.fifa.com/api/v1/picture/players/2018fwc/312866_sq-300_jpg?allowDefaultPicture=true
Switzerland,MarioGAVRANOVIC,https://api.fifa.com/api/v1/picture/players/2018fwc/319470_sq-300_jpg?allowDefaultPicture=true
Germany,MarioGOMEZ,https://api.fifa.com/api/v1/picture/players/2018fwc/216784_sq-300_jpg?allowDefaultPicture=true
Croatia,MarioMANDZUKIC,https://api.fifa.com/api/v1/picture/players/2018fwc/375518_sq-300_jpg?allowDefaultPicture=true
Portugal,MARIORUI,https://api.fifa.com/api/v1/picture/players/2018fwc/336510_sq-300_jpg?allowDefaultPicture=true
Australia,MarkMILLIGAN,https://api.fifa.com/api/v1/picture/players/2018fwc/197411_sq-300_jpg?allowDefaultPicture=true
Serbia,MarkoDMITROVIC,https://api.fifa.com/api/v1/picture/players/2018fwc/401177_sq-300_jpg?allowDefaultPicture=true
Serbia,MarkoGRUJIC,https://api.fifa.com/api/v1/picture/players/2018fwc/385537_sq-300_jpg?allowDefaultPicture=true
Croatia,MarkoPJACA,https://api.fifa.com/api/v1/picture/players/2018fwc/369057_sq-300_jpg?allowDefaultPicture=true
Belgium,MarouaneFELLAINI,https://api.fifa.com/api/v1/picture/players/2018fwc/290902_sq-300_jpg?allowDefaultPicture=true
Brazil,MARQUINHOS,https://api.fifa.com/api/v1/picture/players/2018fwc/332946_sq-300_jpg?allowDefaultPicture=true
Denmark,MartinBRAITHWAITE,https://api.fifa.com/api/v1/picture/players/2018fwc/372857_sq-300_jpg?allowDefaultPicture=true
Uruguay,MartinCACERES,https://api.fifa.com/api/v1/picture/players/2018fwc/267829_sq-300_jpg?allowDefaultPicture=true
Uruguay,MartinCAMPANA,https://api.fifa.com/api/v1/picture/players/2018fwc/312993_sq-300_jpg?allowDefaultPicture=true
Sweden,MartinOLSSON,https://api.fifa.com/api/v1/picture/players/2018fwc/358053_sq-300_jpg?allowDefaultPicture=true
Uruguay,MartinSILVA,https://api.fifa.com/api/v1/picture/players/2018fwc/175629_sq-300_jpg?allowDefaultPicture=true
Germany,MarvinPLATTENHARDT,https://api.fifa.com/api/v1/picture/players/2018fwc/309312_sq-300_jpg?allowDefaultPicture=true
Egypt,MARWANMOHSEN,https://api.fifa.com/api/v1/picture/players/2018fwc/339900_sq-300_jpg?allowDefaultPicture=true
Japan,MasaakiHIGASHIGUCHI,https://api.fifa.com/api/v1/picture/players/2018fwc/356269_sq-300_jpg?allowDefaultPicture=true
IRIran,MasoudSHOJAEI,https://api.fifa.com/api/v1/picture/players/2018fwc/213170_sq-300_jpg?allowDefaultPicture=true
Australia,MassimoLUONGO,https://api.fifa.com/api/v1/picture/players/2018fwc/339116_sq-300_jpg?allowDefaultPicture=true
Croatia,MateoKOVACIC,https://api.fifa.com/api/v1/picture/players/2018fwc/339987_sq-300_jpg?allowDefaultPicture=true
Colombia,MateusURIBE,https://api.fifa.com/api/v1/picture/players/2018fwc/398409_sq-300_jpg?allowDefaultPicture=true
Australia,MathewLECKIE,https://api.fifa.com/api/v1/picture/players/2018fwc/321697_sq-300_jpg?allowDefaultPicture=true
Australia,MathewRYAN,https://api.fifa.com/api/v1/picture/players/2018fwc/339117_sq-300_jpg?allowDefaultPicture=true
Denmark,MathiasJORGENSEN,https://api.fifa.com/api/v1/picture/players/2018fwc/318485_sq-300_jpg?allowDefaultPicture=true
Uruguay,MatiasVECINO,https://api.fifa.com/api/v1/picture/players/2018fwc/337196_sq-300_jpg?allowDefaultPicture=true
Germany,MatsHUMMELS,https://api.fifa.com/api/v1/picture/players/2018fwc/311150_sq-300_jpg?allowDefaultPicture=true
Australia,MatthewJURMAN,https://api.fifa.com/api/v1/picture/players/2018fwc/306404_sq-300_jpg?allowDefaultPicture=true
Germany,MatthiasGINTER,https://api.fifa.com/api/v1/picture/players/2018fwc/379736_sq-300_jpg?allowDefaultPicture=true
Uruguay,MaximilianoGOMEZ,https://api.fifa.com/api/v1/picture/players/2018fwc/407384_sq-300_jpg?allowDefaultPicture=true
Argentina,MaximilianoMEZA,https://api.fifa.com/api/v1/picture/players/2018fwc/411433_sq-300_jpg?allowDefaultPicture=true
Uruguay,MaximilianoPEREIRA,https://api.fifa.com/api/v1/picture/players/2018fwc/286481_sq-300_jpg?allowDefaultPicture=true
Japan,MayaYOSHIDA,https://api.fifa.com/api/v1/picture/players/2018fwc/271253_sq-300_jpg?allowDefaultPicture=true
Morocco,MbarkBOUSSOUFA,https://api.fifa.com/api/v1/picture/players/2018fwc/296799_sq-300_jpg?allowDefaultPicture=true
Senegal,MbayeNIANG,https://api.fifa.com/api/v1/picture/players/2018fwc/336000_sq-300_jpg?allowDefaultPicture=true
Morocco,MehdiBENATIA,https://api.fifa.com/api/v1/picture/players/2018fwc/305954_sq-300_jpg?allowDefaultPicture=true
Morocco,MehdiCARCELA,https://api.fifa.com/api/v1/picture/players/2018fwc/290868_sq-300_jpg?allowDefaultPicture=true
IRIran,MehdiTAREMI,https://api.fifa.com/api/v1/picture/players/2018fwc/388475_sq-300_jpg?allowDefaultPicture=true
Germany,MesutOEZIL,https://api.fifa.com/api/v1/picture/players/2018fwc/305036_sq-300_jpg?allowDefaultPicture=true
Denmark,MichaelKROHN-DEHLI,https://api.fifa.com/api/v1/picture/players/2018fwc/302550_sq-300_jpg?allowDefaultPicture=true
Switzerland,MichaelLANG,https://api.fifa.com/api/v1/picture/players/2018fwc/356407_sq-300_jpg?allowDefaultPicture=true
Panama,MichaelMURILLO,https://api.fifa.com/api/v1/picture/players/2018fwc/385031_sq-300_jpg?allowDefaultPicture=true
Poland,MichalPAZDAN,https://api.fifa.com/api/v1/picture/players/2018fwc/297356_sq-300_jpg?allowDefaultPicture=true
Belgium,MichyBATSHUAYI,https://api.fifa.com/api/v1/picture/players/2018fwc/378835_sq-300_jpg?allowDefaultPicture=true
Peru,MiguelARAUJO,https://api.fifa.com/api/v1/picture/players/2018fwc/368000_sq-300_jpg?allowDefaultPicture=true
Colombia,MiguelBORJA,https://api.fifa.com/api/v1/picture/players/2018fwc/369538_sq-300_jpg?allowDefaultPicture=true
Mexico,MiguelLAYUN,https://api.fifa.com/api/v1/picture/players/2018fwc/371044_sq-300_jpg?allowDefaultPicture=true
Peru,MiguelTRAUCO,https://api.fifa.com/api/v1/picture/players/2018fwc/397791_sq-300_jpg?allowDefaultPicture=true
Sweden,MikaelLUSTIG,https://api.fifa.com/api/v1/picture/players/2018fwc/300251_sq-300_jpg?allowDefaultPicture=true
IRIran,MiladMOHAMMADI,https://api.fifa.com/api/v1/picture/players/2018fwc/390537_sq-300_jpg?allowDefaultPicture=true
Croatia,MilanBADELJ,https://api.fifa.com/api/v1/picture/players/2018fwc/357991_sq-300_jpg?allowDefaultPicture=true
Serbia,MilanRODIC,https://api.fifa.com/api/v1/picture/players/2018fwc/411548_sq-300_jpg?allowDefaultPicture=true
Australia,MileJEDINAK,https://api.fifa.com/api/v1/picture/players/2018fwc/197514_sq-300_jpg?allowDefaultPicture=true
Australia,MilosDEGENEK,https://api.fifa.com/api/v1/picture/players/2018fwc/331149_sq-300_jpg?allowDefaultPicture=true
Serbia,MilosVELJKOVIC,https://api.fifa.com/api/v1/picture/players/2018fwc/385852_sq-300_jpg?allowDefaultPicture=true
Brazil,MIRANDA,https://api.fifa.com/api/v1/picture/players/2018fwc/289958_sq-300_jpg?allowDefaultPicture=true
Egypt,MOHAMEDABDELSHAFY,https://api.fifa.com/api/v1/picture/players/2018fwc/356053_sq-300_jpg?allowDefaultPicture=true
Tunisia,MohamedBENAMOR,https://api.fifa.com/api/v1/picture/players/2018fwc/401798_sq-300_jpg?allowDefaultPicture=true
Egypt,MOHAMEDELNENY,https://api.fifa.com/api/v1/picture/players/2018fwc/332777_sq-300_jpg?allowDefaultPicture=true
Egypt,MOHAMEDELSHENAWY,https://api.fifa.com/api/v1/picture/players/2018fwc/408948_sq-300_jpg?allowDefaultPicture=true
SaudiArabia,MOHAMEDKANNO,https://api.fifa.com/api/v1/picture/players/2018fwc/407993_sq-300_jpg?allowDefaultPicture=true
Egypt,MOHAMEDSALAH,https://api.fifa.com/api/v1/picture/players/2018fwc/344654_sq-300_jpg?allowDefaultPicture=true
IRIran,MohammadRezaKHANZADEH,https://api.fifa.com/api/v1/picture/players/2018fwc/379885_sq-300_jpg?allowDefaultPicture=true
SaudiArabia,MOHAMMEDALBURAYK,https://api.fifa.com/api/v1/picture/players/2018fwc/397857_sq-300_jpg?allowDefaultPicture=true
SaudiArabia,MOHAMMEDALOWAIS,https://api.fifa.com/api/v1/picture/players/2018fwc/396885_sq-300_jpg?allowDefaultPicture=true
SaudiArabia,MOHAMMEDALSAHLAWI,https://api.fifa.com/api/v1/picture/players/2018fwc/288078_sq-300_jpg?allowDefaultPicture=true
Morocco,MonirELKAJOUI,https://api.fifa.com/api/v1/picture/players/2018fwc/395755_sq-300_jpg?allowDefaultPicture=true
KoreaRepublic,MOONSeonmin,https://api.fifa.com/api/v1/picture/players/2018fwc/314722_sq-300_jpg?allowDefaultPicture=true
IRIran,MortezaPOURALIGANJI,https://api.fifa.com/api/v1/picture/players/2018fwc/314249_sq-300_jpg?allowDefaultPicture=true
SaudiArabia,MOTAZHAWSAWI,https://api.fifa.com/api/v1/picture/players/2018fwc/339477_sq-300_jpg?allowDefaultPicture=true
Tunisia,MouezHASSEN,https://api.fifa.com/api/v1/picture/players/2018fwc/411654_sq-300_jpg?allowDefaultPicture=true
Belgium,MoussaDEMBELE,https://api.fifa.com/api/v1/picture/players/2018fwc/290825_sq-300_jpg?allowDefaultPicture=true
Senegal,MoussaKONATE,https://api.fifa.com/api/v1/picture/players/2018fwc/353782_sq-300_jpg?allowDefaultPicture=true
Senegal,MoussaSOW,https://api.fifa.com/api/v1/picture/players/2018fwc/327043_sq-300_jpg?allowDefaultPicture=true
Senegal,MoussaWAGUE,https://api.fifa.com/api/v1/picture/players/2018fwc/386256_sq-300_jpg?allowDefaultPicture=true
SaudiArabia,MUHANNADASIRI,https://api.fifa.com/api/v1/picture/players/2018fwc/330914_sq-300_jpg?allowDefaultPicture=true
Morocco,NabilDIRAR,https://api.fifa.com/api/v1/picture/players/2018fwc/296750_sq-300_jpg?allowDefaultPicture=true
France,NabilFEKIR,https://api.fifa.com/api/v1/picture/players/2018fwc/401458_sq-300_jpg?allowDefaultPicture=true
Belgium,NacerCHADLI,https://api.fifa.com/api/v1/picture/players/2018fwc/358108_sq-300_jpg?allowDefaultPicture=true
Spain,NACHO,https://api.fifa.com/api/v1/picture/players/2018fwc/400711_sq-300_jpg?allowDefaultPicture=true
Spain,NachoMONREAL,https://api.fifa.com/api/v1/picture/players/2018fwc/299369_sq-300_jpg?allowDefaultPicture=true
Uruguay,NahitanNANDEZ,https://api.fifa.com/api/v1/picture/players/2018fwc/386284_sq-300_jpg?allowDefaultPicture=true
Argentina,NahuelGUZMAN,https://api.fifa.com/api/v1/picture/players/2018fwc/200999_sq-300_jpg?allowDefaultPicture=true
Tunisia,NaimSLITI,https://api.fifa.com/api/v1/picture/players/2018fwc/402235_sq-300_jpg?allowDefaultPicture=true
Japan,NaomichiUEDA,https://api.fifa.com/api/v1/picture/players/2018fwc/331166_sq-300_jpg?allowDefaultPicture=true
Serbia,NemanjaMATIC,https://api.fifa.com/api/v1/picture/players/2018fwc/310082_sq-300_jpg?allowDefaultPicture=true
Serbia,NemanjaRADONJIC,https://api.fifa.com/api/v1/picture/players/2018fwc/385893_sq-300_jpg?allowDefaultPicture=true
Brazil,NEYMAR,https://api.fifa.com/api/v1/picture/players/2018fwc/314197_sq-300_jpg?allowDefaultPicture=true
France,NgoloKANTE,https://api.fifa.com/api/v1/picture/players/2018fwc/398681_sq-300_jpg?allowDefaultPicture=true
England,NickPOPE,https://api.fifa.com/api/v1/picture/players/2018fwc/411304_sq-300_jpg?allowDefaultPicture=true
Switzerland,NicoELVEDI,https://api.fifa.com/api/v1/picture/players/2018fwc/398509_sq-300_jpg?allowDefaultPicture=true
Denmark,NicolaiJORGENSEN,https://api.fifa.com/api/v1/picture/players/2018fwc/360184_sq-300_jpg?allowDefaultPicture=true
Argentina,NicolasOTAMENDI,https://api.fifa.com/api/v1/picture/players/2018fwc/310116_sq-300_jpg?allowDefaultPicture=true
Argentina,NicolasTAGLIAFICO,https://api.fifa.com/api/v1/picture/players/2018fwc/308322_sq-300_jpg?allowDefaultPicture=true
Germany,NiklasSUELE,https://api.fifa.com/api/v1/picture/players/2018fwc/395488_sq-300_jpg?allowDefaultPicture=true
Croatia,NikolaKALINIC,https://api.fifa.com/api/v1/picture/players/2018fwc/297379_sq-300_jpg?allowDefaultPicture=true
Serbia,NikolaMILENKOVIC,https://api.fifa.com/api/v1/picture/players/2018fwc/411544_sq-300_jpg?allowDefaultPicture=true
Peru,NilsonLOYOLA,https://api.fifa.com/api/v1/picture/players/2018fwc/398459_sq-300_jpg?allowDefaultPicture=true
Morocco,NoureddineAMRABAT,https://api.fifa.com/api/v1/picture/players/2018fwc/291414_sq-300_jpg?allowDefaultPicture=true
Nigeria,OdionIGHALO,https://api.fifa.com/api/v1/picture/players/2018fwc/312997_sq-300_jpg?allowDefaultPicture=true
Nigeria,OgenyiONAZI,https://api.fifa.com/api/v1/picture/players/2018fwc/315429_sq-300_jpg?allowDefaultPicture=true
Nigeria,OghenekaroETEBO,https://api.fifa.com/api/v1/picture/players/2018fwc/395531_sq-300_jpg?allowDefaultPicture=true
KoreaRepublic,OHBansuk,https://api.fifa.com/api/v1/picture/players/2018fwc/411413_sq-300_jpg?allowDefaultPicture=true
Sweden,OlaTOIVONEN,https://api.fifa.com/api/v1/picture/players/2018fwc/300255_sq-300_jpg?allowDefaultPicture=true
Iceland,OlafurSKULASON,https://api.fifa.com/api/v1/picture/players/2018fwc/216678_sq-300_jpg?allowDefaultPicture=true
France,OlivierGIROUD,https://api.fifa.com/api/v1/picture/players/2018fwc/358015_sq-300_jpg?allowDefaultPicture=true
Egypt,OMARGABER,https://api.fifa.com/api/v1/picture/players/2018fwc/344652_sq-300_jpg?allowDefaultPicture=true
SaudiArabia,OMARHAWSAWI,https://api.fifa.com/api/v1/picture/players/2018fwc/385091_sq-300_jpg?allowDefaultPicture=true
IRIran,OmidEBRAHIMI,https://api.fifa.com/api/v1/picture/players/2018fwc/346735_sq-300_jpg?allowDefaultPicture=true
Mexico,OribePERALTA,https://api.fifa.com/api/v1/picture/players/2018fwc/227851_sq-300_jpg?allowDefaultPicture=true
SaudiArabia,OSAMAHAWSAWI,https://api.fifa.com/api/v1/picture/players/2018fwc/278167_sq-300_jpg?allowDefaultPicture=true
CostaRica,OscarDUARTE,https://api.fifa.com/api/v1/picture/players/2018fwc/312987_sq-300_jpg?allowDefaultPicture=true
Sweden,OscarHILJEMARK,https://api.fifa.com/api/v1/picture/players/2018fwc/372881_sq-300_jpg?allowDefaultPicture=true
Colombia,OscarMURILLO,https://api.fifa.com/api/v1/picture/players/2018fwc/228688_sq-300_jpg?allowDefaultPicture=true
France,OusmaneDEMBELE,https://api.fifa.com/api/v1/picture/players/2018fwc/398680_sq-300_jpg?allowDefaultPicture=true
Tunisia,OussamaHADDADI,https://api.fifa.com/api/v1/picture/players/2018fwc/401801_sq-300_jpg?allowDefaultPicture=true
Peru,PaoloGUERRERO,https://api.fifa.com/api/v1/picture/players/2018fwc/225497_sq-300_jpg?allowDefaultPicture=true
Peru,PaoloHURTADO,https://api.fifa.com/api/v1/picture/players/2018fwc/349685_sq-300_jpg?allowDefaultPicture=true
Senegal,PapeAliouneNDIAYE,https://api.fifa.com/api/v1/picture/players/2018fwc/339919_sq-300_jpg?allowDefaultPicture=true
KoreaRepublic,PARKJooho,https://api.fifa.com/api/v1/picture/players/2018fwc/268411_sq-300_jpg?allowDefaultPicture=true
CostaRica,PatrickPEMBERTON,https://api.fifa.com/api/v1/picture/players/2018fwc/214874_sq-300_jpg?allowDefaultPicture=true
France,PaulPOGBA,https://api.fifa.com/api/v1/picture/players/2018fwc/367388_sq-300_jpg?allowDefaultPicture=true
Brazil,PAULINHO,https://api.fifa.com/api/v1/picture/players/2018fwc/362727_sq-300_jpg?allowDefaultPicture=true
Argentina,PauloDYBALA,https://api.fifa.com/api/v1/picture/players/2018fwc/392905_sq-300_jpg?allowDefaultPicture=true
Peru,PedroAQUINO,https://api.fifa.com/api/v1/picture/players/2018fwc/397696_sq-300_jpg?allowDefaultPicture=true
Peru,PedroGALLESE,https://api.fifa.com/api/v1/picture/players/2018fwc/275261_sq-300_jpg?allowDefaultPicture=true
Brazil,PEDROGEROMEL,https://api.fifa.com/api/v1/picture/players/2018fwc/398286_sq-300_jpg?allowDefaultPicture=true
IRIran,PejmanMONTAZERI,https://api.fifa.com/api/v1/picture/players/2018fwc/251481_sq-300_jpg?allowDefaultPicture=true
Portugal,PEPE,https://api.fifa.com/api/v1/picture/players/2018fwc/275931_sq-300_jpg?allowDefaultPicture=true
Spain,PepeREINA,https://api.fifa.com/api/v1/picture/players/2018fwc/175413_sq-300_jpg?allowDefaultPicture=true
England,PhilJONES,https://api.fifa.com/api/v1/picture/players/2018fwc/358009_sq-300_jpg?allowDefaultPicture=true
Brazil,PHILIPPECOUTINHO,https://api.fifa.com/api/v1/picture/players/2018fwc/308366_sq-300_jpg?allowDefaultPicture=true
Denmark,PioneSISTO,https://api.fifa.com/api/v1/picture/players/2018fwc/395448_sq-300_jpg?allowDefaultPicture=true
Poland,PiotrZIELINSKI,https://api.fifa.com/api/v1/picture/players/2018fwc/370436_sq-300_jpg?allowDefaultPicture=true
Sweden,PontusJANSSON,https://api.fifa.com/api/v1/picture/players/2018fwc/373312_sq-300_jpg?allowDefaultPicture=true
Serbia,PredragRAJKOVIC,https://api.fifa.com/api/v1/picture/players/2018fwc/336393_sq-300_jpg?allowDefaultPicture=true
France,PresnelKIMPEMBE,https://api.fifa.com/api/v1/picture/players/2018fwc/401459_sq-300_jpg?allowDefaultPicture=true
Colombia,RadamelFALCAO,https://api.fifa.com/api/v1/picture/players/2018fwc/229444_sq-300_jpg?allowDefaultPicture=true
Mexico,RafaelMARQUEZ,https://api.fifa.com/api/v1/picture/players/2018fwc/178119_sq-300_jpg?allowDefaultPicture=true
Poland,RafalKURZAWA,https://api.fifa.com/api/v1/picture/players/2018fwc/411483_sq-300_jpg?allowDefaultPicture=true
Iceland,RagnarSIGURDSSON,https://api.fifa.com/api/v1/picture/players/2018fwc/300343_sq-300_jpg?allowDefaultPicture=true
England,RaheemSTERLING,https://api.fifa.com/api/v1/picture/players/2018fwc/336043_sq-300_jpg?allowDefaultPicture=true
Egypt,RAMADANSOBHY,https://api.fifa.com/api/v1/picture/players/2018fwc/401841_sq-300_jpg?allowDefaultPicture=true
Tunisia,RamiBEDOUI,https://api.fifa.com/api/v1/picture/players/2018fwc/273822_sq-300_jpg?allowDefaultPicture=true
IRIran,RaminREZAEIAN,https://api.fifa.com/api/v1/picture/players/2018fwc/384797_sq-300_jpg?allowDefaultPicture=true
CostaRica,RandallAZOFEIFA,https://api.fifa.com/api/v1/picture/players/2018fwc/183794_sq-300_jpg?allowDefaultPicture=true
Portugal,RAPHAELGUERREIRO,https://api.fifa.com/api/v1/picture/players/2018fwc/395213_sq-300_jpg?allowDefaultPicture=true
France,RaphaelVARANE,https://api.fifa.com/api/v1/picture/players/2018fwc/359440_sq-300_jpg?allowDefaultPicture=true
IRIran,RashidMAZAHERI,https://api.fifa.com/api/v1/picture/players/2018fwc/397792_sq-300_jpg?allowDefaultPicture=true
Mexico,RaulJIMENEZ,https://api.fifa.com/api/v1/picture/players/2018fwc/356731_sq-300_jpg?allowDefaultPicture=true
Peru,RaulRUIDIAZ,https://api.fifa.com/api/v1/picture/players/2018fwc/349703_sq-300_jpg?allowDefaultPicture=true
Switzerland,RemoFREULER,https://api.fifa.com/api/v1/picture/players/2018fwc/402021_sq-300_jpg?allowDefaultPicture=true
Brazil,RENATOAUGUSTO,https://api.fifa.com/api/v1/picture/players/2018fwc/218292_sq-300_jpg?allowDefaultPicture=true
Peru,RenatoTAPIA,https://api.fifa.com/api/v1/picture/players/2018fwc/392903_sq-300_jpg?allowDefaultPicture=true
IRIran,RezaGHOOCHANNEJHAD,https://api.fifa.com/api/v1/picture/players/2018fwc/362641_sq-300_jpg?allowDefaultPicture=true
Portugal,RICARDO,https://api.fifa.com/api/v1/picture/players/2018fwc/368706_sq-300_jpg?allowDefaultPicture=true
Panama,RicardoAVILA,https://api.fifa.com/api/v1/picture/players/2018fwc/411177_sq-300_jpg?allowDefaultPicture=true
Portugal,RICARDOQUARESMA,https://api.fifa.com/api/v1/picture/players/2018fwc/189810_sq-300_jpg?allowDefaultPicture=true
Switzerland,RicardoRODRIGUEZ,https://api.fifa.com/api/v1/picture/players/2018fwc/313559_sq-300_jpg?allowDefaultPicture=true
Australia,RobbieKRUSE,https://api.fifa.com/api/v1/picture/players/2018fwc/229043_sq-300_jpg?allowDefaultPicture=true
Poland,RobertLEWANDOWSKI,https://api.fifa.com/api/v1/picture/players/2018fwc/299688_sq-300_jpg?allowDefaultPicture=true
Brazil,ROBERTOFIRMINO,https://api.fifa.com/api/v1/picture/players/2018fwc/344547_sq-300_jpg?allowDefaultPicture=true
Sweden,RobinOLSEN,https://api.fifa.com/api/v1/picture/players/2018fwc/398547_sq-300_jpg?allowDefaultPicture=true
CostaRica,RodneyWALLACE,https://api.fifa.com/api/v1/picture/players/2018fwc/356986_sq-300_jpg?allowDefaultPicture=true
Spain,RODRIGO,https://api.fifa.com/api/v1/picture/players/2018fwc/337175_sq-300_jpg?allowDefaultPicture=true
Uruguay,RodrigoBENTANCUR,https://api.fifa.com/api/v1/picture/players/2018fwc/386538_sq-300_jpg?allowDefaultPicture=true
Switzerland,RomanBUERKI,https://api.fifa.com/api/v1/picture/players/2018fwc/356676_sq-300_jpg?allowDefaultPicture=true
Panama,RomanTORRES,https://api.fifa.com/api/v1/picture/players/2018fwc/198481_sq-300_jpg?allowDefaultPicture=true
Russia,RomanZOBNIN,https://api.fifa.com/api/v1/picture/players/2018fwc/404429_sq-300_jpg?allowDefaultPicture=true
Belgium,RomeluLUKAKU,https://api.fifa.com/api/v1/picture/players/2018fwc/358112_sq-300_jpg?allowDefaultPicture=true
IRIran,RoozbehCHESHMI,https://api.fifa.com/api/v1/picture/players/2018fwc/406595_sq-300_jpg?allowDefaultPicture=true
Portugal,RUBENDIAS,https://api.fifa.com/api/v1/picture/players/2018fwc/384752_sq-300_jpg?allowDefaultPicture=true
England,RubenLOFTUS-CHEEK,https://api.fifa.com/api/v1/picture/players/2018fwc/411303_sq-300_jpg?allowDefaultPicture=true
Portugal,RUIPATRICIO,https://api.fifa.com/api/v1/picture/players/2018fwc/269768_sq-300_jpg?allowDefaultPicture=true
Iceland,RunarRUNARSSON,https://api.fifa.com/api/v1/picture/players/2018fwc/406732_sq-300_jpg?allowDefaultPicture=true
Iceland,RurikGISLASON,https://api.fifa.com/api/v1/picture/players/2018fwc/300380_sq-300_jpg?allowDefaultPicture=true
Japan,RyotaOHSHIMA,https://api.fifa.com/api/v1/picture/players/2018fwc/395327_sq-300_jpg?allowDefaultPicture=true
Tunisia,SaberKHALIFA,https://api.fifa.com/api/v1/picture/players/2018fwc/329718_sq-300_jpg?allowDefaultPicture=true
Senegal,SadioMANE,https://api.fifa.com/api/v1/picture/players/2018fwc/353790_sq-300_jpg?allowDefaultPicture=true
IRIran,SaeidEZATOLAHI,https://api.fifa.com/api/v1/picture/players/2018fwc/371736_sq-300_jpg?allowDefaultPicture=true
Tunisia,SaifeddineKHAOUI,https://api.fifa.com/api/v1/picture/players/2018fwc/411656_sq-300_jpg?allowDefaultPicture=true
SaudiArabia,SALEMALDAWSARI,https://api.fifa.com/api/v1/picture/players/2018fwc/339745_sq-300_jpg?allowDefaultPicture=true
Senegal,SalifSANE,https://api.fifa.com/api/v1/picture/players/2018fwc/370169_sq-300_jpg?allowDefaultPicture=true
SaudiArabia,SALMANALFARAJ,https://api.fifa.com/api/v1/picture/players/2018fwc/352891_sq-300_jpg?allowDefaultPicture=true
Egypt,SAMMORSY,https://api.fifa.com/api/v1/picture/players/2018fwc/407023_sq-300_jpg?allowDefaultPicture=true
IRIran,SamanGHODDOS,https://api.fifa.com/api/v1/picture/players/2018fwc/411644_sq-300_jpg?allowDefaultPicture=true
Germany,SamiKHEDIRA,https://api.fifa.com/api/v1/picture/players/2018fwc/196900_sq-300_jpg?allowDefaultPicture=true
Egypt,SAMIRSAAD,https://api.fifa.com/api/v1/picture/players/2018fwc/312951_sq-300_jpg?allowDefaultPicture=true
Iceland,SamuelFRIDJONSSON,https://api.fifa.com/api/v1/picture/players/2018fwc/411383_sq-300_jpg?allowDefaultPicture=true
France,SamuelUMTITI,https://api.fifa.com/api/v1/picture/players/2018fwc/368846_sq-300_jpg?allowDefaultPicture=true
Colombia,SantiagoARIAS,https://api.fifa.com/api/v1/picture/players/2018fwc/315614_sq-300_jpg?allowDefaultPicture=true
IRIran,SardarAZMOUN,https://api.fifa.com/api/v1/picture/players/2018fwc/379887_sq-300_jpg?allowDefaultPicture=true
Spain,SAUL,https://api.fifa.com/api/v1/picture/players/2018fwc/369190_sq-300_jpg?allowDefaultPicture=true
Uruguay,SebastianCOATES,https://api.fifa.com/api/v1/picture/players/2018fwc/305382_sq-300_jpg?allowDefaultPicture=true
Sweden,SebastianLARSSON,https://api.fifa.com/api/v1/picture/players/2018fwc/214675_sq-300_jpg?allowDefaultPicture=true
Germany,SebastianRUDY,https://api.fifa.com/api/v1/picture/players/2018fwc/275630_sq-300_jpg?allowDefaultPicture=true
Serbia,SergejMILINKOVIC-SAVIC,https://api.fifa.com/api/v1/picture/players/2018fwc/385545_sq-300_jpg?allowDefaultPicture=true
Russia,SergeyIGNASHEVICH,https://api.fifa.com/api/v1/picture/players/2018fwc/186787_sq-300_jpg?allowDefaultPicture=true
Argentina,SergioAGUERO,https://api.fifa.com/api/v1/picture/players/2018fwc/228528_sq-300_jpg?allowDefaultPicture=true
Spain,SergioBUSQUETS,https://api.fifa.com/api/v1/picture/players/2018fwc/303034_sq-300_jpg?allowDefaultPicture=true
Spain,SergioRAMOS,https://api.fifa.com/api/v1/picture/players/2018fwc/216814_sq-300_jpg?allowDefaultPicture=true
Egypt,SHERIFEKRAMY,https://api.fifa.com/api/v1/picture/players/2018fwc/184382_sq-300_jpg?allowDefaultPicture=true
Egypt,SHIKABALA,https://api.fifa.com/api/v1/picture/players/2018fwc/230098_sq-300_jpg?allowDefaultPicture=true
Japan,ShinjiKAGAWA,https://api.fifa.com/api/v1/picture/players/2018fwc/268596_sq-300_jpg?allowDefaultPicture=true
Japan,ShinjiOKAZAKI,https://api.fifa.com/api/v1/picture/players/2018fwc/286278_sq-300_jpg?allowDefaultPicture=true
Croatia,SimeVRSALJKO,https://api.fifa.com/api/v1/picture/players/2018fwc/336485_sq-300_jpg?allowDefaultPicture=true
Nigeria,SimeonNWANKWO,https://api.fifa.com/api/v1/picture/players/2018fwc/411702_sq-300_jpg?allowDefaultPicture=true
Denmark,SimonKJAER,https://api.fifa.com/api/v1/picture/players/2018fwc/309962_sq-300_jpg?allowDefaultPicture=true
Belgium,SimonMIGNOLET,https://api.fifa.com/api/v1/picture/players/2018fwc/298738_sq-300_jpg?allowDefaultPicture=true
Poland,SlawomirPESZKO,https://api.fifa.com/api/v1/picture/players/2018fwc/216954_sq-300_jpg?allowDefaultPicture=true
Morocco,SofyanAMRABAT,https://api.fifa.com/api/v1/picture/players/2018fwc/372266_sq-300_jpg?allowDefaultPicture=true
KoreaRepublic,SONHeungmin,https://api.fifa.com/api/v1/picture/players/2018fwc/307849_sq-300_jpg?allowDefaultPicture=true
Switzerland,StephanLICHTSTEINER,https://api.fifa.com/api/v1/picture/players/2018fwc/196605_sq-300_jpg?allowDefaultPicture=true
France,SteveMANDANDA,https://api.fifa.com/api/v1/picture/players/2018fwc/254133_sq-300_jpg?allowDefaultPicture=true
France,StevenNZONZI,https://api.fifa.com/api/v1/picture/players/2018fwc/319327_sq-300_jpg?allowDefaultPicture=true
Switzerland,StevenZUBER,https://api.fifa.com/api/v1/picture/players/2018fwc/356415_sq-300_jpg?allowDefaultPicture=true
Iceland,SverrirINGASON,https://api.fifa.com/api/v1/picture/players/2018fwc/401143_sq-300_jpg?allowDefaultPicture=true
Tunisia,SyamBENYOUSSEF,https://api.fifa.com/api/v1/picture/players/2018fwc/329717_sq-300_jpg?allowDefaultPicture=true
SaudiArabia,TAISEERALJASSAM,https://api.fifa.com/api/v1/picture/players/2018fwc/218083_sq-300_jpg?allowDefaultPicture=true
Brazil,TAISON,https://api.fifa.com/api/v1/picture/players/2018fwc/329039_sq-300_jpg?allowDefaultPicture=true
Japan,TakashiINUI,https://api.fifa.com/api/v1/picture/players/2018fwc/271255_sq-300_jpg?allowDefaultPicture=true
Japan,TakashiUSAMI,https://api.fifa.com/api/v1/picture/players/2018fwc/307739_sq-300_jpg?allowDefaultPicture=true
Egypt,TAREKHAMED,https://api.fifa.com/api/v1/picture/players/2018fwc/395858_sq-300_jpg?allowDefaultPicture=true
Spain,THIAGO,https://api.fifa.com/api/v1/picture/players/2018fwc/375512_sq-300_jpg?allowDefaultPicture=true
Poland,ThiagoCIONEK,https://api.fifa.com/api/v1/picture/players/2018fwc/398594_sq-300_jpg?allowDefaultPicture=true
Brazil,THIAGOSILVA,https://api.fifa.com/api/v1/picture/players/2018fwc/289964_sq-300_jpg?allowDefaultPicture=true
Belgium,ThibautCOURTOIS,https://api.fifa.com/api/v1/picture/players/2018fwc/358106_sq-300_jpg?allowDefaultPicture=true
Denmark,ThomasDELANEY,https://api.fifa.com/api/v1/picture/players/2018fwc/372855_sq-300_jpg?allowDefaultPicture=true
France,ThomasLEMAR,https://api.fifa.com/api/v1/picture/players/2018fwc/402049_sq-300_jpg?allowDefaultPicture=true
Belgium,ThomasMEUNIER,https://api.fifa.com/api/v1/picture/players/2018fwc/358122_sq-300_jpg?allowDefaultPicture=true
Germany,ThomasMUELLER,https://api.fifa.com/api/v1/picture/players/2018fwc/321722_sq-300_jpg?allowDefaultPicture=true
Belgium,ThomasVERMAELEN,https://api.fifa.com/api/v1/picture/players/2018fwc/216880_sq-300_jpg?allowDefaultPicture=true
Belgium,ThorganHAZARD,https://api.fifa.com/api/v1/picture/players/2018fwc/378834_sq-300_jpg?allowDefaultPicture=true
Australia,TimCAHILL,https://api.fifa.com/api/v1/picture/players/2018fwc/213001_sq-300_jpg?allowDefaultPicture=true
Germany,TimoWERNER,https://api.fifa.com/api/v1/picture/players/2018fwc/404357_sq-300_jpg?allowDefaultPicture=true
Croatia,TinJEDVAJ,https://api.fifa.com/api/v1/picture/players/2018fwc/372987_sq-300_jpg?allowDefaultPicture=true
Belgium,TobyALDERWEIRELD,https://api.fifa.com/api/v1/picture/players/2018fwc/290864_sq-300_jpg?allowDefaultPicture=true
Australia,TomROGIC,https://api.fifa.com/api/v1/picture/players/2018fwc/367641_sq-300_jpg?allowDefaultPicture=true
Australia,TomiJURIC,https://api.fifa.com/api/v1/picture/players/2018fwc/379785_sq-300_jpg?allowDefaultPicture=true
Japan,TomoakiMAKINO,https://api.fifa.com/api/v1/picture/players/2018fwc/268477_sq-300_jpg?allowDefaultPicture=true
Germany,ToniKROOS,https://api.fifa.com/api/v1/picture/players/2018fwc/275162_sq-300_jpg?allowDefaultPicture=true
England,TrentALEXANDER-ARNOLD,https://api.fifa.com/api/v1/picture/players/2018fwc/390761_sq-300_jpg?allowDefaultPicture=true
Australia,TrentSAINSBURY,https://api.fifa.com/api/v1/picture/players/2018fwc/339118_sq-300_jpg?allowDefaultPicture=true
Egypt,TREZIGUET,https://api.fifa.com/api/v1/picture/players/2018fwc/363863_sq-300_jpg?allowDefaultPicture=true
Nigeria,TyronneEBUEHI,https://api.fifa.com/api/v1/picture/players/2018fwc/407161_sq-300_jpg?allowDefaultPicture=true
Serbia,UrosSPAJIC,https://api.fifa.com/api/v1/picture/players/2018fwc/404632_sq-300_jpg?allowDefaultPicture=true
IRIran,VahidAMIRI,https://api.fifa.com/api/v1/picture/players/2018fwc/384795_sq-300_jpg?allowDefaultPicture=true
Panama,ValentinPIMENTEL,https://api.fifa.com/api/v1/picture/players/2018fwc/392859_sq-300_jpg?allowDefaultPicture=true
Switzerland,ValonBEHRAMI,https://api.fifa.com/api/v1/picture/players/2018fwc/216627_sq-300_jpg?allowDefaultPicture=true
Croatia,VedranCORLUKA,https://api.fifa.com/api/v1/picture/players/2018fwc/297373_sq-300_jpg?allowDefaultPicture=true
Sweden,VictorLINDELOF,https://api.fifa.com/api/v1/picture/players/2018fwc/395283_sq-300_jpg?allowDefaultPicture=true
Nigeria,VictorMOSES,https://api.fifa.com/api/v1/picture/players/2018fwc/274090_sq-300_jpg?allowDefaultPicture=true
Sweden,ViktorCLAESSON,https://api.fifa.com/api/v1/picture/players/2018fwc/401465_sq-300_jpg?allowDefaultPicture=true
Denmark,ViktorFISCHER,https://api.fifa.com/api/v1/picture/players/2018fwc/336131_sq-300_jpg?allowDefaultPicture=true
Belgium,VincentKOMPANY,https://api.fifa.com/api/v1/picture/players/2018fwc/216004_sq-300_jpg?allowDefaultPicture=true
Russia,VladimirGABULOV,https://api.fifa.com/api/v1/picture/players/2018fwc/186785_sq-300_jpg?allowDefaultPicture=true
Russia,VladimirGRANAT,https://api.fifa.com/api/v1/picture/players/2018fwc/358046_sq-300_jpg?allowDefaultPicture=true
Serbia,VladimirSTOJKOVIC,https://api.fifa.com/api/v1/picture/players/2018fwc/214386_sq-300_jpg?allowDefaultPicture=true
Tunisia,WahbiKHAZRI,https://api.fifa.com/api/v1/picture/players/2018fwc/364669_sq-300_jpg?allowDefaultPicture=true
Japan,WataruENDO,https://api.fifa.com/api/v1/picture/players/2018fwc/395318_sq-300_jpg?allowDefaultPicture=true
Peru,WilderCARTAGENA,https://api.fifa.com/api/v1/picture/players/2018fwc/401945_sq-300_jpg?allowDefaultPicture=true
Nigeria,WilfredNDIDI,https://api.fifa.com/api/v1/picture/players/2018fwc/369512_sq-300_jpg?allowDefaultPicture=true
Argentina,WilfredoCABALLERO,https://api.fifa.com/api/v1/picture/players/2018fwc/181440_sq-300_jpg?allowDefaultPicture=true
Portugal,WILLIAM,https://api.fifa.com/api/v1/picture/players/2018fwc/376349_sq-300_jpg?allowDefaultPicture=true
Nigeria,WilliamEKONG,https://api.fifa.com/api/v1/picture/players/2018fwc/395529_sq-300_jpg?allowDefaultPicture=true
Denmark,WilliamKVIST,https://api.fifa.com/api/v1/picture/players/2018fwc/299421_sq-300_jpg?allowDefaultPicture=true
Brazil,WILLIAN,https://api.fifa.com/api/v1/picture/players/2018fwc/218306_sq-300_jpg?allowDefaultPicture=true
Colombia,WilmarBARRIOS,https://api.fifa.com/api/v1/picture/players/2018fwc/394377_sq-300_jpg?allowDefaultPicture=true
Poland,WojciechSZCZESNY,https://api.fifa.com/api/v1/picture/players/2018fwc/269746_sq-300_jpg?allowDefaultPicture=true
Switzerland,XherdanSHAQIRI,https://api.fifa.com/api/v1/picture/players/2018fwc/321653_sq-300_jpg?allowDefaultPicture=true
SaudiArabia,YAHIAALSHEHRI,https://api.fifa.com/api/v1/picture/players/2018fwc/347165_sq-300_jpg?allowDefaultPicture=true
Switzerland,YannSOMMER,https://api.fifa.com/api/v1/picture/players/2018fwc/319460_sq-300_jpg?allowDefaultPicture=true
Belgium,YannickCARRASCO,https://api.fifa.com/api/v1/picture/players/2018fwc/398653_sq-300_jpg?allowDefaultPicture=true
SaudiArabia,YASSERALMOSAILEM,https://api.fifa.com/api/v1/picture/players/2018fwc/198514_sq-300_jpg?allowDefaultPicture=true
SaudiArabia,YASSERALSHAHRANI,https://api.fifa.com/api/v1/picture/players/2018fwc/339482_sq-300_jpg?allowDefaultPicture=true
Morocco,YassineBOUNOU,https://api.fifa.com/api/v1/picture/players/2018fwc/356956_sq-300_jpg?allowDefaultPicture=true
Tunisia,YassineMERIAH,https://api.fifa.com/api/v1/picture/players/2018fwc/395998_sq-300_jpg?allowDefaultPicture=true
CostaRica,YeltsinTEJEDA,https://api.fifa.com/api/v1/picture/players/2018fwc/307541_sq-300_jpg?allowDefaultPicture=true
Colombia,YerryMINA,https://api.fifa.com/api/v1/picture/players/2018fwc/395552_sq-300_jpg?allowDefaultPicture=true
Tunisia,YohanBENALOUANE,https://api.fifa.com/api/v1/picture/players/2018fwc/326645_sq-300_jpg?allowDefaultPicture=true
Peru,YoshimarYOTUN,https://api.fifa.com/api/v1/picture/players/2018fwc/349698_sq-300_jpg?allowDefaultPicture=true
Japan,YoshinoriMUTO,https://api.fifa.com/api/v1/picture/players/2018fwc/384846_sq-300_jpg?allowDefaultPicture=true
Morocco,YounesBELHANDA,https://api.fifa.com/api/v1/picture/players/2018fwc/353205_sq-300_jpg?allowDefaultPicture=true
Belgium,YouriTIELEMANS,https://api.fifa.com/api/v1/picture/players/2018fwc/401444_sq-300_jpg?allowDefaultPicture=true
Morocco,YoussefAITBENNASSER,https://api.fifa.com/api/v1/picture/players/2018fwc/372130_sq-300_jpg?allowDefaultPicture=true
Morocco,YoussefENNESYRI,https://api.fifa.com/api/v1/picture/players/2018fwc/401885_sq-300_jpg?allowDefaultPicture=true
Senegal,YoussoufSABALY,https://api.fifa.com/api/v1/picture/players/2018fwc/368848_sq-300_jpg?allowDefaultPicture=true
KoreaRepublic,YUNYoungsun,https://api.fifa.com/api/v1/picture/players/2018fwc/329895_sq-300_jpg?allowDefaultPicture=true
Russia,YuryZHIRKOV,https://api.fifa.com/api/v1/picture/players/2018fwc/216432_sq-300_jpg?allowDefaultPicture=true
Denmark,YussufYuraryPOULSEN,https://api.fifa.com/api/v1/picture/players/2018fwc/336133_sq-300_jpg?allowDefaultPicture=true
Japan,YutoNAGATOMO,https://api.fifa.com/api/v1/picture/players/2018fwc/291372_sq-300_jpg?allowDefaultPicture=true
Japan,YuyaOSAKO,https://api.fifa.com/api/v1/picture/players/2018fwc/275136_sq-300_jpg?allowDefaultPicture=true
Switzerland,YvonMVOGO,https://api.fifa.com/api/v1/picture/players/2018fwc/402022_sq-300_jpg?allowDefaultPicture=true
Argentina,NahuelGUZMAN,https://api.fifa.com/api/v1/picture/players/2018fwc/200999_sq-300_jpg?allowDefaultPicture=true
Argentina,FrancoARMANI,https://api.fifa.com/api/v1/picture/players/2018fwc/398422_sq-300_jpg?allowDefaultPicture=true
Argentina,WilfredoCABALLERO,https://api.fifa.com/api/v1/picture/players/2018fwc/181440_sq-300_jpg?allowDefaultPicture=true
Argentina,GabrielMERCADO,https://api.fifa.com/api/v1/picture/players/2018fwc/266796_sq-300_jpg?allowDefaultPicture=true
Argentina,NicolasTAGLIAFICO,https://api.fifa.com/api/v1/picture/players/2018fwc/308322_sq-300_jpg?allowDefaultPicture=true
Argentina,CristianANSALDI,https://api.fifa.com/api/v1/picture/players/2018fwc/298593_sq-300_jpg?allowDefaultPicture=true
Argentina,FedericoFAZIO,https://api.fifa.com/api/v1/picture/players/2018fwc/266784_sq-300_jpg?allowDefaultPicture=true
Argentina,MarcosACUNA,https://api.fifa.com/api/v1/picture/players/2018fwc/401204_sq-300_jpg?allowDefaultPicture=true
Argentina,JavierMASCHERANO,https://api.fifa.com/api/v1/picture/players/2018fwc/182372_sq-300_jpg?allowDefaultPicture=true
Argentina,MarcosROJO,https://api.fifa.com/api/v1/picture/players/2018fwc/318688_sq-300_jpg?allowDefaultPicture=true
Argentina,NicolasOTAMENDI,https://api.fifa.com/api/v1/picture/players/2018fwc/310116_sq-300_jpg?allowDefaultPicture=true
Argentina,EduardoSALVIO,https://api.fifa.com/api/v1/picture/players/2018fwc/268992_sq-300_jpg?allowDefaultPicture=true
Argentina,LucasBIGLIA,https://api.fifa.com/api/v1/picture/players/2018fwc/200133_sq-300_jpg?allowDefaultPicture=true
Argentina,EverBANEGA,https://api.fifa.com/api/v1/picture/players/2018fwc/266790_sq-300_jpg?allowDefaultPicture=true
Argentina,AngelDIMARIA,https://api.fifa.com/api/v1/picture/players/2018fwc/266800_sq-300_jpg?allowDefaultPicture=true
Argentina,MaximilianoMEZA,https://api.fifa.com/api/v1/picture/players/2018fwc/411433_sq-300_jpg?allowDefaultPicture=true
Argentina,EnzoPEREZ,https://api.fifa.com/api/v1/picture/players/2018fwc/316997_sq-300_jpg?allowDefaultPicture=true
Argentina,GiovaniLOCELSO,https://api.fifa.com/api/v1/picture/players/2018fwc/395414_sq-300_jpg?allowDefaultPicture=true
Argentina,CristianPAVON,https://api.fifa.com/api/v1/picture/players/2018fwc/371828_sq-300_jpg?allowDefaultPicture=true
Argentina,GonzaloHIGUAIN,https://api.fifa.com/api/v1/picture/players/2018fwc/271550_sq-300_jpg?allowDefaultPicture=true
Argentina,LionelMESSI,https://api.fifa.com/api/v1/picture/players/2018fwc/229397_sq-300_jpg?allowDefaultPicture=true
Argentina,SergioAGUERO,https://api.fifa.com/api/v1/picture/players/2018fwc/228528_sq-300_jpg?allowDefaultPicture=true
Argentina,PauloDYBALA,https://api.fifa.com/api/v1/picture/players/2018fwc/392905_sq-300_jpg?allowDefaultPicture=true
